decimalLatitude,decimalLongitude,eventDate,eventid,fieldnotes,footprintWKT,geodeticdatum,maximumdepthinmeters,modified,occurrenceid,parenteventid
45.42599,-59.76398,2015-08-18T03:47:51Z/2016-07-21T10:02:00Z,urn:catalog:otn:ESRF:BOOJAS:BOOJAS002-VR2W-127560-2015,,POINT(-59.76398 45.42599),EPSG:4326,140.0,2016-10-17,,
46.16837,-59.14563,2015-06-16T00:00:00Z/2016-05-01T00:00:00Z,urn:catalog:otn:OTN:BOOJAY:BOOJAY-1904-126120-2015,,POINT(-59.14563 46.16837),EPSG:4326,94.0,2017-03-21,,
46.3554,-58.72768,2015-06-17T00:00:00Z/2016-05-01T00:00:00Z,urn:catalog:otn:OTN:BOOJAY:BOOJAY-1905-126122-2015,,POINT(-58.72768 46.3554),EPSG:4326,370.0,2017-03-21,,
46.1298867,-59.3304817,2015-09-24T00:00:00Z/2016-09-24T00:00:00Z,urn:catalog:otn:OTN:BOOJAY:BOOJAY-M1900-127597-2015,,POINT(-59.3304817 46.1298867),EPSG:4326,69.0,2017-03-21,,
45.741415,-59.7417983,2015-09-24T00:00:00Z/2016-09-23T00:00:00Z,urn:catalog:otn:OTN:BOOJAY:BOOJAY-M1901-106603-2015,,POINT(-59.7417983 45.741415),EPSG:4326,125.0,2017-03-21,,
45.899475,-59.1420883,2015-09-23T00:00:00Z/2016-09-23T00:00:00Z,urn:catalog:otn:OTN:BOOJAY:BOOJAY-M1902-126119-2015,,POINT(-59.1420883 45.899475),EPSG:4326,104.0,2017-03-21,,
47.41431,-60.07145,2015-05-29T18:01:00Z/2016-05-20T16:06:16Z,urn:catalog:otn:DFO-MLI:CBS:CBS083-VR2W-113594-6,,POINT(-60.07145 47.41431),EPSG:4326,,2016-08-26,,
47.33296,-60.18968,2016-05-19T14:33:17Z/2017-05-24T17:28:58Z,urn:catalog:otn:DFO-MLI:CBS:CBS-271-VR2W-128545-4,,POINT(-60.18968 47.33296),EPSG:4326,,2017-08-15,,
47.33837,-60.19669,2016-05-19T14:41:53Z/2017-05-24T17:13:07Z,urn:catalog:otn:DFO-MLI:CBS:CBS-272-VR2W-119786-4,,POINT(-60.19669 47.33837),EPSG:4326,,2017-08-15,,
47.34362,-60.20351,2016-05-19T14:50:19Z/2017-05-24T16:55:13Z,urn:catalog:otn:DFO-MLI:CBS:CBS-273-VR2W-119157-4,,POINT(-60.20351 47.34362),EPSG:4326,,2017-08-15,,
47.36464,-60.23099,2016-05-19T16:06:59Z/2017-05-24T15:48:30Z,urn:catalog:otn:DFO-MLI:CBS:CBS-277-VR2W-120211-4,3,POINT(-60.23099 47.36464),EPSG:4326,,2017-08-15,,
47.38286,-60.18923,2013-08-05T10:30:41Z/2015-05-30T15:56:00Z,urn:catalog:otn:DFO-MLI:CBS:CBS071-VR2W-120189-4,Likely dragged along with 72 and 73.  Could not locate.|tracked down and recovered 3600m south of station,POINT(-60.18923 47.38286),EPSG:4326,,2015-04-08,,
47.38008,-60.19901,2014-07-11T16:17:00Z/2015-05-30T13:20:36Z,urn:catalog:otn:DFO-MLI:CBS:CBS070-VR2W-110168-5,found and recovered off station.  3500m North of station.  Most likely redfish fishery interaction,POINT(-60.19901 47.38008),EPSG:4326,,2014-09-10,,
47.57931,-59.39456,2013-07-29T05:34:17Z/2017-06-16T16:21:00Z,urn:catalog:otn:DFO-MLI:CBS:CBS247-VR4-250505-1,,POINT(-59.39456 47.57931),EPSG:4326,,2017-08-15,,
47.57099,-59.41205,,urn:catalog:otn:DFO-MLI:CBS:CBS245-VR4-250537-1,"Believe battery died died during release attempt. Attempted to offload VR4 but there was poor communication with deckbox due to loud background static. Will attempt data offload on next mission. | offloaded reciever but no response from release. Batt 54%, MAP114, 180 channel off. Best comms at 800m away",POINT(-59.41205 47.57099),EPSG:4326,,2017-08-15,,
47.56675,-59.42043,2013-07-29T05:54:53Z/2017-06-16T15:04:00Z,urn:catalog:otn:DFO-MLI:CBS:CBS244-VR4-250552-1,,POINT(-59.42043 47.56675),EPSG:4326,,2017-08-15,,
47.41168,-60.08111,2015-05-29T18:14:00Z/2016-05-20T16:15:51Z,urn:catalog:otn:DFO-MLI:CBS:CBS082-VR2W-113590-6,,POINT(-60.08111 47.41168),EPSG:4326,,2016-08-26,,
47.39088,-60.16018,2015-05-29T19:45:00Z/2016-05-20T17:29:11Z,urn:catalog:otn:DFO-MLI:CBS:CBS074-VR2W-114735-6,,POINT(-60.16018 47.39088),EPSG:4326,,2016-08-26,,
47.3852,-60.17902,2015-05-29T20:04:55Z/2016-05-20T18:43:39Z,urn:catalog:otn:DFO-MLI:CBS:CBS072-VR2W-120182-6,found and recovered off station.  3300m southwest of station near station 68.  Most likely redfish fishery interaction,POINT(-60.17902 47.3852),EPSG:4326,,2016-08-26,,
47.31319,-60.14968,2015-05-29T19:33:00Z/2016-05-26T12:59:00Z,urn:catalog:otn:DFO-MLI:CBS:CBS075-VR2W-112454-6,,POINT(-60.14968 47.31319),EPSG:4326,,2016-05-25,,
47.39829,-60.12949,2014-07-10T19:02:00Z/2015-05-29T19:15:00Z,urn:catalog:otn:DFO-MLI:CBS:CBS077-VR2W-114735-5,,POINT(-60.12949 47.39829),EPSG:4326,,2016-05-25,,
47.40123,-60.11986,2014-07-10T18:52:00Z/2015-05-29T18:59:00Z,urn:catalog:otn:DFO-MLI:CBS:CBS078-VR2W-112454-5,,POINT(-60.11986 47.40123),EPSG:4326,,2016-05-25,,
47.40573,-60.10012,2014-07-10T18:33:00Z/2015-05-29T18:39:00Z,urn:catalog:otn:DFO-MLI:CBS:CBS080-VR2W-112527-5,,POINT(-60.10012 47.40573),EPSG:4326,,2016-05-25,,
47.40844,-60.09139,2014-07-10T18:20:00Z/2015-05-29T18:27:00Z,urn:catalog:otn:DFO-MLI:CBS:CBS081-VR2W-112499-5,,POINT(-60.09139 47.40844),EPSG:4326,,2016-05-25,,
47.2543,-60.08482,2014-07-11T10:19:00Z/2015-05-27T15:12:00Z,urn:catalog:otn:DFO-MLI:CBS:CBS256-VR2W-119157-2,,POINT(-60.08482 47.2543),EPSG:4326,,2016-05-25,,
47.27538,-60.11187,2014-07-11T10:59:00Z/2015-05-27T16:19:00Z,urn:catalog:otn:DFO-MLI:CBS:CBS260-VR2W-112387-2,,POINT(-60.11187 47.27538),EPSG:4326,,2016-05-25,,
47.30199,-60.14766,2014-07-11T11:51:00Z/2015-05-27T17:48:00Z,urn:catalog:otn:DFO-MLI:CBS:CBS265-VR2W-112500-2,,POINT(-60.14766 47.30199),EPSG:4326,,2016-05-25,,
47.30687,-60.15443,2014-07-11T12:00:00Z/2015-05-28T17:42:00Z,urn:catalog:otn:DFO-MLI:CBS:CBS266-VR2W-114732-2,,POINT(-60.15443 47.30687),EPSG:4326,,2016-05-25,,
47.31211,-60.16126,2014-07-11T12:10:00Z/2015-05-28T18:11:00Z,urn:catalog:otn:DFO-MLI:CBS:CBS267-VR2W-112333-2,,POINT(-60.16126 47.31211),EPSG:4326,,2016-05-25,,
47.31733,-60.16836,2014-07-11T12:21:00Z/2015-05-28T18:31:00Z,urn:catalog:otn:DFO-MLI:CBS:CBS268-VR2W-112351-2,,POINT(-60.16836 47.31733),EPSG:4326,,2016-05-25,,
47.33308,-60.18907,2014-07-11T12:51:00Z/2015-05-28T19:34:00Z,urn:catalog:otn:DFO-MLI:CBS:CBS271-VR2W-112307-2,,POINT(-60.18907 47.33308),EPSG:4326,,2016-05-25,,
47.33794,-60.19586,2014-07-11T13:02:00Z/2015-05-28T10:04:00Z,urn:catalog:otn:DFO-MLI:CBS:CBS272-VR2W-114730-2,,POINT(-60.19586 47.33794),EPSG:4326,,2016-05-25,,
47.34345,-60.20288,2014-07-11T13:12:00Z/2015-05-28T10:26:00Z,urn:catalog:otn:DFO-MLI:CBS:CBS273-VR2W-114740-2,,POINT(-60.20288 47.34345),EPSG:4326,,2016-05-25,,
47.52056,-59.51616,2013-07-29T06:51:23Z/2017-06-16T13:25:00Z,urn:catalog:otn:DFO-MLI:CBS:CBS233-VR4-250497-1,,POINT(-59.51616 47.52056),EPSG:4326,,2017-08-15,,
47.51638,-59.5252,2013-07-29T06:55:42Z/2017-06-16T13:15:00Z,urn:catalog:otn:DFO-MLI:CBS:CBS232-VR4-250516-1,,POINT(-59.5252 47.51638),EPSG:4326,,2017-08-15,,
47.49952,-59.56019,2013-07-29T07:17:45Z/2017-06-16T12:33:00Z,urn:catalog:otn:DFO-MLI:CBS:CBS228-VR4-250565-1,,POINT(-59.56019 47.49952),EPSG:4326,,2017-08-15,,
47.46616,-59.62904,2013-07-31T08:48:26Z/2017-06-16T11:15:00Z,urn:catalog:otn:DFO-MLI:CBS:CBS220-VR4-250573-1,PORT MFE recorded as 35882 (which is allegedly on HFX099). Susan changed to 35582 based on inventory.,POINT(-59.62904 47.46616),EPSG:4326,,2017-08-15,,
47.40339,-59.75919,2013-08-03T15:43:14Z/2017-06-27T20:03:04Z,urn:catalog:otn:DFO-MLI:CBS:CBS205-VR4-250557-1,,POINT(-59.75919 47.40339),EPSG:4326,,2017-08-15,,
47.39913,-59.76759,2013-08-03T15:47:34Z/2017-06-27T20:05:12Z,urn:catalog:otn:DFO-MLI:CBS:CBS204-VR4-250515-1,,POINT(-59.76759 47.39913),EPSG:4326,,2017-08-15,,
47.39505,-59.77634,2013-08-03T15:51:29Z/2017-06-27T20:16:29Z,urn:catalog:otn:DFO-MLI:CBS:CBS203-VR4-250559-1,,POINT(-59.77634 47.39505),EPSG:4326,,2017-08-15,,
47.39088,-59.78506,2013-08-03T15:55:33Z/2017-06-27T20:20:48Z,urn:catalog:otn:DFO-MLI:CBS:CBS202-VR4-250502-1,,POINT(-59.78506 47.39088),EPSG:4326,,2017-08-15,,
47.38675,-59.7938,2013-08-03T15:59:14Z/2017-06-27T20:26:41Z,urn:catalog:otn:DFO-MLI:CBS:CBS201-VR4-250561-1,,POINT(-59.7938 47.38675),EPSG:4326,,2017-08-15,,
47.34082,-59.88881,2013-08-03T16:41:18Z/2017-06-27T21:22:16Z,urn:catalog:otn:DFO-MLI:CBS:CBS190-VR4-250551-1,,POINT(-59.88881 47.34082),EPSG:4326,,2017-08-15,,
47.33637,-59.8973,2013-08-03T16:45:23Z/2017-06-27T21:26:43Z,urn:catalog:otn:DFO-MLI:CBS:CBS189-VR4-250562-1,,POINT(-59.8973 47.33637),EPSG:4326,,2017-08-15,,
47.33234,-59.90581,2013-08-03T16:49:04Z/2017-06-27T21:33:23Z,urn:catalog:otn:DFO-MLI:CBS:CBS188-VR4-250575-1,,POINT(-59.90581 47.33234),EPSG:4326,,2017-08-15,,
47.32823,-59.91434,2013-08-03T16:55:55Z/2017-06-27T21:36:56Z,urn:catalog:otn:DFO-MLI:CBS:CBS187-VR4-250525-1,,POINT(-59.91434 47.32823),EPSG:4326,,2017-08-15,,
47.32384,-59.92313,2013-08-03T16:59:44Z/2017-06-27T21:40:34Z,urn:catalog:otn:DFO-MLI:CBS:CBS186-VR4-250522-1,,POINT(-59.92313 47.32384),EPSG:4326,,2017-08-15,,
47.31978,-59.93175,2013-08-03T17:03:18Z/2017-06-27T21:45:54Z,urn:catalog:otn:DFO-MLI:CBS:CBS185-VR4-250532-1,,POINT(-59.93175 47.31978),EPSG:4326,,2017-08-15,,
47.30732,-59.9577,2013-08-03T17:14:40Z/2017-07-13T15:13:00Z,urn:catalog:otn:DFO-MLI:CBS:CBS182-VR4-250520-1,,POINT(-59.9577 47.30732),EPSG:4326,,2017-08-15,,
47.29051,-59.99239,2013-08-03T17:32:50Z/2017-07-13T16:02:00Z,urn:catalog:otn:DFO-MLI:CBS:CBS178-VR4-250535-1,,POINT(-59.99239 47.29051),EPSG:4326,,2017-08-15,,
47.28209,-60.00974,2013-08-03T17:42:46Z/2017-07-13T16:24:00Z,urn:catalog:otn:DFO-MLI:CBS:CBS176-VR4-250530-1,,POINT(-60.00974 47.28209),EPSG:4326,,2017-08-15,,
47.27805,-60.01805,2013-08-03T17:47:29Z/2017-07-13T16:36:00Z,urn:catalog:otn:DFO-MLI:CBS:CBS175-VR4-250508-1,,POINT(-60.01805 47.27805),EPSG:4326,,2017-08-15,,
47.26131,-60.05259,2013-08-03T18:09:00Z/2017-07-13T17:54:00Z,urn:catalog:otn:DFO-MLI:CBS:CBS171-VR4-250510-1,,POINT(-60.05259 47.26131),EPSG:4326,,2017-08-15,,
47.25707,-60.06146,2013-08-03T18:13:09Z/2017-07-13T18:17:00Z,urn:catalog:otn:DFO-MLI:CBS:CBS170-VR4-250493-1,,POINT(-60.06146 47.25707),EPSG:4326,,2017-08-15,,
47.25307,-60.06968,,urn:catalog:otn:DFO-MLI:CBS:CBS169-VR4-250491-1,"AR did not respond, offloaded but not recovered",POINT(-60.06968 47.25307),EPSG:4326,,2017-08-15,,
47.2487,-60.07815,2013-08-03T18:22:30Z/2017-07-13T18:57:00Z,urn:catalog:otn:DFO-MLI:CBS:CBS168-VR4-250545-1,,POINT(-60.07815 47.2487),EPSG:4326,,2017-08-15,,
47.26487,-60.0449,2014-07-11T09:53:00Z/2017-07-13T17:38:00Z,urn:catalog:otn:DFO-MLI:CBS:CBS172-VR4-250544-2,,POINT(-60.0449 47.26487),EPSG:4326,,2017-08-15,,
47.15555,-60.2025,2014-09-26T21:17:51Z/2017-07-26T13:49:28Z,urn:catalog:otn:DFO-MLI:CBS:CBS026-VR4-250025-7,,POINT(-60.2025 47.15555),EPSG:4326,203.0,2017-08-15,,
47.16038,-60.19493,2014-09-26T21:10:11Z/2017-07-26T13:41:30Z,urn:catalog:otn:DFO-MLI:CBS:CBS027-VR4-250041-7,,POINT(-60.19493 47.16038),EPSG:4326,192.0,2017-08-15,,
47.16544,-60.18786,2014-09-26T21:03:25Z/2017-07-26T13:33:10Z,urn:catalog:otn:DFO-MLI:CBS:CBS028-VR4-250055-8,,POINT(-60.18786 47.16544),EPSG:4326,183.0,2017-08-15,,
47.3796,-60.1986,2016-05-19T16:54:51Z/2017-10-15T14:26:07Z,urn:catalog:otn:DFO-MLI:CBS:CBS-070-VR2W-106614-7,"Did not respond, may be a deckbox issue.recovered 1.3 Km southeast of station",POINT(-60.1986 47.3796),EPSG:4326,,2017-12-20,,
47.03749,-60.37837,2014-09-27T01:30:33Z/2017-10-17T12:34:00Z,urn:catalog:otn:DFO-MLI:CBS:CBS002-VR4-250143-8,,POINT(-60.37837 47.03749),EPSG:4326,44.0,2017-12-20,,
47.04245,-60.37109,2014-09-27T01:24:57Z/2017-10-17T12:47:00Z,urn:catalog:otn:DFO-MLI:CBS:CBS003-VR4-250175-8,,POINT(-60.37109 47.04245),EPSG:4326,99.0,2017-12-20,,
47.07677,-60.31996,2014-09-26T23:13:58Z/2017-10-17T15:03:00Z,urn:catalog:otn:DFO-MLI:CBS:CBS010-VR4-250036-7,,POINT(-60.31996 47.07677),EPSG:4326,159.0,2017-12-20,,
47.08169,-60.31254,2014-09-26T23:07:33Z/2017-10-17T15:18:00Z,urn:catalog:otn:DFO-MLI:CBS:CBS011-VR4-250243-7,,POINT(-60.31254 47.08169),EPSG:4326,159.0,2017-12-20,,
47.08658,-60.3051,2014-09-26T23:01:26Z/2017-10-17T15:34:00Z,urn:catalog:otn:DFO-MLI:CBS:CBS012-VR4-250029-8,,POINT(-60.3051 47.08658),EPSG:4326,159.0,2017-12-20,,
47.11119,-60.2685,2014-09-26T22:24:37Z/2017-10-17T16:44:00Z,urn:catalog:otn:DFO-MLI:CBS:CBS017-VR4-250062-8,,POINT(-60.2685 47.11119),EPSG:4326,179.0,2017-12-20,,
47.11615,-60.26115,2014-09-26T22:18:11Z/2017-10-17T16:53:00Z,urn:catalog:otn:DFO-MLI:CBS:CBS018-VR4-250056-7,,POINT(-60.26115 47.11615),EPSG:4326,183.0,2017-12-20,,
47.12121,-60.25378,2014-09-26T22:10:22Z/2017-10-17T17:02:00Z,urn:catalog:otn:DFO-MLI:CBS:CBS019-VR4-250167-7,,POINT(-60.25378 47.12121),EPSG:4326,183.0,2017-12-20,,
43.71633,-69.355,2014-06-02T17:12:00Z/2015-06-05T22:10:00Z,urn:catalog:otn:NOAA-NMFS-NEFSC:GMG:GMG-E01-VR2W-104676-1,,POINT(-69.355 43.71633),EPSG:4326,,2015-09-21,,
43.5442,-63.46672,2013-05-28T19:49:23Z/2017-02-22T13:26:00Z,urn:catalog:otn:DFO-BIO:HFX:HFX157-VR4-250421-3,,POINT(-63.46672 43.5442),EPSG:4326,153.0,2013-10-17,,
43.5506,-63.46193,2013-05-28T19:41:36Z/2017-02-22T13:16:00Z,urn:catalog:otn:DFO-BIO:HFX:HFX156-VR4-250165-3,,POINT(-63.46193 43.5506),EPSG:4326,148.0,2013-10-17,,
43.55708,-63.45718,2013-05-28T19:33:18Z/2017-02-22T13:05:00Z,urn:catalog:otn:DFO-BIO:HFX:HFX155-VR4-250446-3,,POINT(-63.45718 43.55708),EPSG:4326,142.0,2013-10-17,,
43.5634,-63.45234,,urn:catalog:otn:DFO-BIO:HFX:HFX154-VR4-250443-3,"DOMINI2017022204: No response from AR, VR4 successfully offloaded",POINT(-63.45234 43.5634),EPSG:4326,136.0,2013-10-17,,
43.57613,-63.44283,2013-05-28T19:11:40Z/2017-02-22T12:48:00Z,urn:catalog:otn:DFO-BIO:HFX:HFX152-VR4-250434-3,,POINT(-63.44283 43.57613),EPSG:4326,126.0,2013-10-17,,
43.5825,-63.43801,,urn:catalog:otn:DFO-BIO:HFX:HFX151-VR4-250152-3,"DOMINI2017022204: No motor comms with AR, other comms possible.  VR4 offload successful",POINT(-63.43801 43.5825),EPSG:4326,126.0,2013-10-17,,
43.58889,-63.43301,2013-05-28T18:57:44Z/2017-02-22T12:26:00Z,urn:catalog:otn:DFO-BIO:HFX:HFX150-VR4-250445-3,,POINT(-63.43301 43.58889),EPSG:4326,128.0,2013-10-17,,
43.59546,-63.42826,2013-05-28T18:51:42Z/2017-02-22T12:18:00Z,urn:catalog:otn:DFO-BIO:HFX:HFX149-VR4-250278-3,,POINT(-63.42826 43.59546),EPSG:4326,128.0,2013-10-17,,
43.60166,-63.42339,2013-05-28T18:42:25Z/2017-02-22T12:05:00Z,urn:catalog:otn:DFO-BIO:HFX:HFX148-VR4-250309-3,,POINT(-63.42339 43.60166),EPSG:4326,130.0,2013-10-17,,
43.60757,-63.41913,,urn:catalog:otn:DFO-BIO:HFX:HFX147-VR4-250437-3,No response from AR or VR4,POINT(-63.41913 43.60757),EPSG:4326,130.0,2013-10-17,,
43.61409,-63.41421,2013-05-28T18:05:03Z/2017-02-22T11:50:00Z,urn:catalog:otn:DFO-BIO:HFX:HFX146-VR4-250166-3,,POINT(-63.41421 43.61409),EPSG:4326,129.0,2013-10-17,,
43.62069,-63.40924,2013-05-28T17:55:54Z/2017-02-22T11:40:00Z,urn:catalog:otn:DFO-BIO:HFX:HFX145-VR4-250172-3,,POINT(-63.40924 43.62069),EPSG:4326,121.0,2013-10-17,,
43.52528,-63.481,2013-05-28T20:12:06Z/2017-02-22T13:48:00Z,urn:catalog:otn:DFO-BIO:HFX:HFX160-VR4-250157-3,,POINT(-63.481 43.52528),EPSG:4326,161.0,2013-10-17,,
43.68508,-63.40008,,urn:catalog:otn:DFO-BIO:HFX:HFX136-VR4-250419-3,no rsponse from either instrument - presumed missing,POINT(-63.40008 43.68508),EPSG:4326,113.0,2016-12-05,,
43.31267,-63.50004,2012-05-24T00:17:32Z/2017-02-22T18:20:00Z,urn:catalog:otn:OTN:HFX:HFX190-VR4-250235-1,,POINT(-63.50004 43.31267),EPSG:4326,168.0,2012-05-30,,
43.4421,-63.50004,2012-05-23T22:40:51Z/2017-02-22T15:10:00Z,urn:catalog:otn:OTN:HFX:HFX172-VR4-250304-1,,POINT(-63.50004 43.4421),EPSG:4326,175.0,2012-05-30,,
43.43491,-63.49997,2012-05-23T22:46:15Z/2017-02-22T15:17:00Z,urn:catalog:otn:OTN:HFX:HFX173-VR4-250332-1,,POINT(-63.49997 43.43491),EPSG:4326,175.0,2012-05-30,,
43.39898,-63.49997,2012-05-23T23:11:19Z/2017-02-22T15:50:00Z,urn:catalog:otn:OTN:HFX:HFX178-VR4-250253-1,,POINT(-63.49997 43.39898),EPSG:4326,174.0,2012-05-30,,
43.3919,-63.49997,2012-05-23T23:16:17Z/2017-02-22T15:58:00Z,urn:catalog:otn:OTN:HFX:HFX179-VR4-250293-1,,POINT(-63.49997 43.3919),EPSG:4326,171.0,2012-05-30,,
43.37737,-63.50005,2012-05-23T23:32:03Z/2017-02-22T17:05:00Z,urn:catalog:otn:OTN:HFX:HFX181-VR4-250214-1,,POINT(-63.50005 43.37737),EPSG:4326,166.0,2012-05-30,,
43.36992,-63.50012,2012-05-23T23:37:03Z/2017-02-22T17:15:00Z,urn:catalog:otn:OTN:HFX:HFX182-VR4-250232-1,,POINT(-63.50012 43.36992),EPSG:4326,165.0,2012-05-30,,
43.3631,-63.50003,2012-05-23T23:42:08Z/2017-02-22T17:24:00Z,urn:catalog:otn:OTN:HFX:HFX183-VR4-250331-1,,POINT(-63.50003 43.3631),EPSG:4326,172.0,2012-05-30,,
43.35567,-63.50009,2012-05-23T23:46:58Z/2017-02-22T17:34:00Z,urn:catalog:otn:OTN:HFX:HFX184-VR4-250320-1,,POINT(-63.50009 43.35567),EPSG:4326,169.0,2012-05-30,,
43.30535,-63.5,2012-05-24T00:22:04Z/2017-02-22T18:26:00Z,urn:catalog:otn:OTN:HFX:HFX191-VR4-250236-1,,POINT(-63.5 43.30535),EPSG:4326,169.0,2012-05-30,,
43.29809,-63.50006,2012-05-24T00:26:04Z/2017-02-22T18:35:00Z,urn:catalog:otn:OTN:HFX:HFX192-VR4-250295-1,,POINT(-63.50006 43.29809),EPSG:4326,170.0,2012-05-30,,
43.26901,-63.4998,2012-05-24T00:44:24Z/2017-02-22T19:05:00Z,urn:catalog:otn:OTN:HFX:HFX196-VR4-250342-1,,POINT(-63.4998 43.26901),EPSG:4326,169.0,2012-05-30,,
43.26221,-63.5,2012-05-24T00:49:46Z/2017-02-22T19:15:00Z,urn:catalog:otn:OTN:HFX:HFX197-VR4-250318-1,,POINT(-63.5 43.26221),EPSG:4326,173.0,2012-05-30,,
43.24799,-63.49988,2012-05-24T16:13:40Z/2017-02-22T19:38:00Z,urn:catalog:otn:OTN:HFX:HFX199-VR4-250224-1,,POINT(-63.49988 43.24799),EPSG:4326,168.0,2012-05-30,,
43.24071,-63.5,2012-05-24T16:08:03Z/2017-02-22T19:48:00Z,urn:catalog:otn:OTN:HFX:HFX200-VR4-250307-1,,POINT(-63.5 43.24071),EPSG:4326,168.0,2012-05-30,,
44.06625,-63.07414,,urn:catalog:otn:OTN:HFX:HFX073-250082-1,no response from AR,POINT(-63.07414 44.06625),EPSG:4326,208.0,2016-12-05,,
44.05354,-63.08357,,urn:catalog:otn:OTN:HFX:HFX075-250178-1,no response from AR,POINT(-63.08357 44.05354),EPSG:4326,202.0,2016-12-05,,
43.98365,-63.1366,,urn:catalog:otn:OTN:HFX:HFX086-250117-1,no response,POINT(-63.1366 43.98365),EPSG:4326,207.0,2016-12-05,,
44.43717,-63.48884,,urn:catalog:otn:DFO-BIO:HFX:HFX008-VR4-250161-6,"edgetech release did not respond.  VR4 coms confirm presence of mooring as upright, normal",POINT(-63.48884 44.43717),EPSG:4326,60.0,2014-06-10,,
44.26424,-63.29373,,urn:catalog:otn:OTN:HFX:HFX038-250027-2,,POINT(-63.29373 44.26424),EPSG:4326,145.0,2014-10-03,,
43.15449,-63.49789,,urn:catalog:otn:DFO-BIO:HFX:HFX212-VR4-250218-2,no response from acoustic release. Offloaded VR4,POINT(-63.49789 43.15449),EPSG:4326,147.0,2014-10-03,,
44.45519,-63.50775,2011-10-24T21:01:26Z/2016-01-01T00:00:00Z,urn:catalog:otn:OTN:HFX:HFX005-250047-5,acoustic release confirmed a release. This mooring was a C-ROM with rotodrum. Neighbouring stations had hevy fouling with large barnacles and we believe these barnacles jammed the rotodrum mechanism. ,POINT(-63.50775 44.45519),EPSG:4326,76.0,2018-01-25,,
43.34852,-63.50005,2012-05-23T23:51:58Z/2017-02-22T17:40:00Z,urn:catalog:otn:OTN:HFX:HFX185-VR4-250330-1,,POINT(-63.50005 43.34852),EPSG:4326,171.0,2012-05-30,,
43.31976,-63.49999,2012-05-24T00:12:38Z/2017-02-22T18:15:00Z,urn:catalog:otn:OTN:HFX:HFX189-VR4-250244-1,,POINT(-63.49999 43.31976),EPSG:4326,170.0,2012-05-30,,
44.39144,-63.43603,,urn:catalog:otn:DFO-BIO:HFX:HFX016-VR3-346-4,,POINT(-63.43603 44.39144),EPSG:4326,110.0,2013-01-28,,
44.33408,-63.3713,,urn:catalog:otn:DFO-BIO:HFX:HFX026-VR3-338-4,no response from AR,POINT(-63.3713 44.33408),EPSG:4326,132.0,2013-01-28,,
44.36267,-63.40261,2012-11-11T15:36:32Z/2016-02-22T18:10:36Z,urn:catalog:otn:DFO-BIO:HFX:HFX021-VR3-389-4,,POINT(-63.40261 44.36267),EPSG:4326,98.0,2016-12-05,,
44.34509,-63.38422,2012-11-11T16:22:01Z/2016-02-22T18:34:11Z,urn:catalog:otn:DFO-BIO:HFX:HFX024-VR3-353-4,,POINT(-63.38422 44.34509),EPSG:4326,115.0,2016-12-05,,
44.33924,-63.37781,2012-11-11T16:58:37Z/2016-02-22T18:40:44Z,urn:catalog:otn:DFO-BIO:HFX:HFX025-VR3-351-5,,POINT(-63.37781 44.33924),EPSG:4326,116.0,2016-12-05,,
44.32771,-63.36478,2012-11-11T17:26:11Z/2016-02-22T18:54:20Z,urn:catalog:otn:DFO-BIO:HFX:HFX027-VR3-345-4,,POINT(-63.36478 44.32771),EPSG:4326,123.0,2016-12-05,,
44.28733,-63.31953,2012-11-11T19:38:31Z/2014-06-22T14:25:00Z,urn:catalog:otn:DFO-BIO:HFX:HFX034-VR4-250062-3,,POINT(-63.31953 44.28733),EPSG:4326,170.0,2014-10-03,,
44.29906,-63.33237,2012-11-11T19:08:51Z/2016-02-22T19:50:13Z,urn:catalog:otn:DFO-BIO:HFX:HFX032-VR3-337-3,,POINT(-63.33237 44.29906),EPSG:4326,164.0,2016-12-05,,
43.13266,-63.49995,,urn:catalog:otn:OTN:HFX:HFX215-VR4-250276-1,,POINT(-63.49995 43.13266),EPSG:4326,158.0,2012-05-30,,
43.12533,-63.49983,,urn:catalog:otn:OTN:HFX:HFX216-VR4-250337-1,,POINT(-63.49983 43.12533),EPSG:4326,160.0,2012-05-30,,
43.4495,-63.50019,2012-05-23T22:35:53Z/2017-02-22T15:02:00Z,urn:catalog:otn:OTN:HFX:HFX171-VR4-250326-1,,POINT(-63.50019 43.4495),EPSG:4326,173.0,2012-05-30,,
43.29098,-63.50002,2012-05-24T00:30:41Z/2017-02-22T18:46:00Z,urn:catalog:otn:OTN:HFX:HFX193-VR4-250226-1,,POINT(-63.50002 43.29098),EPSG:4326,170.0,2012-05-30,,
43.28379,-63.50001,2012-05-24T00:35:29Z/2017-02-22T18:55:00Z,urn:catalog:otn:OTN:HFX:HFX194-VR4-250245-1,,POINT(-63.50001 43.28379),EPSG:4326,169.0,2012-05-30,,
43.27641,-63.49989,2012-05-24T00:39:43Z/2017-02-22T18:59:00Z,urn:catalog:otn:OTN:HFX:HFX195-VR4-250241-1,,POINT(-63.49989 43.27641),EPSG:4326,169.0,2012-05-30,,
43.17557,-63.4989,,urn:catalog:otn:OTN:HFX:HFX209-VR4-250237-1,No response from AR (battery) - offloaded VR4 acoustically,POINT(-63.4989 43.17557),EPSG:4326,149.0,2012-05-30,,
43.21909,-63.5001,2012-05-24T15:37:03Z/2016-12-07T13:01:00Z,urn:catalog:otn:OTN:HFX:HFX203-VR4-250299-1,,POINT(-63.5001 43.21909),EPSG:4326,166.0,2012-05-30,,
43.21196,-63.5,2012-05-24T15:31:30Z/2016-12-07T13:25:00Z,urn:catalog:otn:OTN:HFX:HFX204-VR4-250313-1,,POINT(-63.5 43.21196),EPSG:4326,164.0,2012-05-30,,
43.20489,-63.50003,2012-05-24T15:26:30Z/2016-12-07T13:42:00Z,urn:catalog:otn:OTN:HFX:HFX205-VR4-250296-1,,POINT(-63.50003 43.20489),EPSG:4326,159.0,2012-05-30,,
43.19034,-63.49998,2012-05-24T15:14:55Z/2016-12-07T14:07:00Z,urn:catalog:otn:OTN:HFX:HFX207-VR4-250340-1,,POINT(-63.49998 43.19034),EPSG:4326,153.0,2012-05-30,,
43.18252,-63.49755,2012-05-24T15:09:17Z/2016-12-07T14:27:00Z,urn:catalog:otn:OTN:HFX:HFX208-VR4-250277-1,,POINT(-63.49755 43.18252),EPSG:4326,151.0,2012-05-30,,
43.88175,-63.21309,,urn:catalog:otn:OTN:HFX:HFX102-250132-1,,POINT(-63.21309 43.88175),EPSG:4326,131.0,2012-03-16,,
43.14712,-63.50007,2012-05-24T12:37:58Z/2016-12-07T16:12:00Z,urn:catalog:otn:OTN:HFX:HFX213-VR4-250229-1,,POINT(-63.50007 43.14712),EPSG:4326,152.0,2012-05-30,,
43.13988,-63.49985,2012-05-24T12:32:59Z/2016-12-07T16:58:00Z,urn:catalog:otn:OTN:HFX:HFX214-VR4-250228-1,,POINT(-63.49985 43.13988),EPSG:4326,154.0,2012-05-30,,
43.11846,-63.50012,,urn:catalog:otn:OTN:HFX:HFX217-VR4-250308-1,,POINT(-63.50012 43.11846),EPSG:4326,164.0,2012-05-30,,
43.11101,-63.4999,,urn:catalog:otn:OTN:HFX:HFX218-VR4-250333-1,,POINT(-63.4999 43.11101),EPSG:4326,166.0,2012-05-30,,
43.10386,-63.49987,,urn:catalog:otn:OTN:HFX:HFX219-VR4-250306-1,,POINT(-63.49987 43.10386),EPSG:4326,169.0,2012-05-30,,
43.09654,-63.50001,,urn:catalog:otn:OTN:HFX:HFX220-VR4-250254-1,,POINT(-63.50001 43.09654),EPSG:4326,171.0,2012-05-30,,
43.08928,-63.5,,urn:catalog:otn:OTN:HFX:HFX221-VR4-250258-1,,POINT(-63.5 43.08928),EPSG:4326,171.0,2012-05-30,,
43.08235,-63.50011,,urn:catalog:otn:OTN:HFX:HFX222-VR4-250289-1,,POINT(-63.50011 43.08235),EPSG:4326,171.0,2012-05-30,,
43.07501,-63.50005,,urn:catalog:otn:OTN:HFX:HFX223-VR4-250227-1,,POINT(-63.50005 43.07501),EPSG:4326,171.0,2012-05-30,,
43.06784,-63.50017,,urn:catalog:otn:OTN:HFX:HFX224-VR4-250297-1,,POINT(-63.50017 43.06784),EPSG:4326,170.0,2012-05-30,,
43.06054,-63.49996,,urn:catalog:otn:OTN:HFX:HFX225-VR4-250220-1,,POINT(-63.49996 43.06054),EPSG:4326,170.0,2012-05-30,,
43.05329,-63.49983,,urn:catalog:otn:OTN:HFX:HFX226-VR4-250261-1,,POINT(-63.49983 43.05329),EPSG:4326,171.0,2012-05-30,,
43.04632,-63.50005,,urn:catalog:otn:OTN:HFX:HFX227-VR4-250335-1,,POINT(-63.50005 43.04632),EPSG:4326,168.0,2012-05-30,,
43.0391,-63.50001,,urn:catalog:otn:OTN:HFX:HFX228-VR4-250336-1,,POINT(-63.50001 43.0391),EPSG:4326,165.0,2012-05-30,,
43.03187,-63.50005,,urn:catalog:otn:OTN:HFX:HFX229-VR4-250248-1,,POINT(-63.50005 43.03187),EPSG:4326,166.0,2012-05-30,,
43.02455,-63.50002,,urn:catalog:otn:OTN:HFX:HFX230-VR4-250316-1,,POINT(-63.50002 43.02455),EPSG:4326,170.0,2012-05-30,,
43.01746,-63.50025,2012-05-24T11:18:48Z/2016-09-16T11:29:00Z,urn:catalog:otn:OTN:HFX:HFX231-VR4-250247-1,,POINT(-63.50025 43.01746),EPSG:4326,172.0,2016-12-05,,
44.25864,-63.28739,2011-03-29T18:44:03Z/2014-06-22T12:06:00Z,urn:catalog:otn:OTN:HFX:HFX039-250038-1,,POINT(-63.28739 44.25864),EPSG:4326,145.0,2014-10-03,,
44.35715,-63.39752,2012-11-11T15:49:11Z/2016-02-22T18:19:31Z,urn:catalog:otn:DFO-BIO:HFX:HFX022-VR3-385-4,,POINT(-63.39752 44.35715),EPSG:4326,117.0,2016-12-05,,
44.19641,-63.21911,2013-11-16T17:57:00Z/2016-04-23T11:52:03Z,urn:catalog:otn:DFO-BIO:HFX:HFX050-VR3-188-2,,POINT(-63.21911 44.19641),EPSG:4326,166.0,2016-12-05,,
44.19071,-63.21268,2013-11-16T18:04:09Z/2016-04-23T12:05:54Z,urn:catalog:otn:DFO-BIO:HFX:HFX051-VR3-318-2,,POINT(-63.21268 44.19071),EPSG:4326,166.0,2016-12-05,,
44.18508,-63.20632,2013-11-16T18:12:02Z/2016-04-23T12:15:03Z,urn:catalog:otn:DFO-BIO:HFX:HFX052-VR3-303-2,,POINT(-63.20632 44.18508),EPSG:4326,166.0,2016-12-05,,
44.04098,-63.09389,,urn:catalog:otn:DFO-BIO:HFX:HFX077-VR4-250151-2,"copper was gone.  Cable ties remained which held copper in place. Fouling was light to moderate and not appreciabley different in the area protected by copper.|enable response, tilt on release, no release chirp",POINT(-63.09389 44.04098),EPSG:4326,199.0,2016-12-05,,
43.19744,-63.49961,2014-01-10T18:17:21Z/2016-12-07T13:57:00Z,urn:catalog:otn:DFO-BIO:HFX:HFX206-VR4-250156-2,,POINT(-63.49961 43.19744),EPSG:4326,154.0,2014-06-10,,
44.32235,-63.35866,2012-11-11T18:00:09Z/2013-10-23T19:45:00Z,urn:catalog:otn:DFO-BIO:HFX:HFX028-VR4-250163-5,,POINT(-63.35866 44.32235),EPSG:4326,115.0,2014-06-10,,
44.20774,-63.23083,2012-11-19T17:48:40Z/2013-10-23T18:25:00Z,urn:catalog:otn:DFO-BIO:HFX:HFX048-VR4-250170-3,,POINT(-63.23083 44.20774),EPSG:4326,165.0,2014-06-10,,
44.14554,-63.16193,2012-11-19T18:54:29Z/2013-11-16T19:00:00Z,urn:catalog:otn:DFO-BIO:HFX:HFX059-VR4-250141-2,,POINT(-63.16193 44.14554),EPSG:4326,150.0,2014-06-10,,
44.10012,-63.1118,2012-11-19T19:29:09Z/2013-11-16T20:15:00Z,urn:catalog:otn:DFO-BIO:HFX:HFX067-VR4-250145-2,,POINT(-63.1118 44.10012),EPSG:4326,160.0,2014-06-10,,
44.09467,-63.10586,2012-11-19T19:50:47Z/2013-11-16T20:21:00Z,urn:catalog:otn:DFO-BIO:HFX:HFX068-VR4-250156-2,,POINT(-63.10586 44.09467),EPSG:4326,160.0,2014-06-10,,
44.25327,-63.28113,,urn:catalog:otn:DFO-BIO:HFX:HFX040-VR4-250176-2,,POINT(-63.28113 44.25327),EPSG:4326,142.0,2014-10-03,,
43.53185,-63.47617,2014-06-12T17:38:24Z/2017-02-22T13:40:00Z,urn:catalog:otn:DFO-BIO:HFX:HFX159-VR4-250279-4,Drop dead date assigned as per neighbouring stations,POINT(-63.47617 43.53185),EPSG:4326,158.0,2014-10-03,,
43.53817,-63.47105,2014-06-12T17:53:35Z/2017-02-22T13:34:00Z,urn:catalog:otn:DFO-BIO:HFX:HFX158-VR4-250030-4,Drop dead date assigned as per neighbouring stations,POINT(-63.47105 43.53817),EPSG:4326,155.0,2014-10-03,,
44.47222,-63.52704,,urn:catalog:otn:DFO-BIO:HFX:HFX002-VR4-250048-6,,POINT(-63.52704 44.47222),EPSG:4326,62.0,2014-10-03,,
44.46643,-63.51983,,urn:catalog:otn:DFO-BIO:HFX:HFX003-VR4-250037-5,,POINT(-63.51983 44.46643),EPSG:4326,72.0,2014-10-03,,
44.44976,-63.50115,,urn:catalog:otn:DFO-BIO:HFX:HFX006-VR4-250063-4,,POINT(-63.50115 44.44976),EPSG:4326,77.0,2014-10-03,,
44.44355,-63.49433,,urn:catalog:otn:DFO-BIO:HFX:HFX007-VR4-250024-4,,POINT(-63.49433 44.44355),EPSG:4326,68.0,2014-10-03,,
44.43244,-63.48128,,urn:catalog:otn:DFO-BIO:HFX:HFX009-VR4-250035-4,,POINT(-63.48128 44.43244),EPSG:4326,65.0,2014-10-03,,
44.27016,-63.30008,2014-06-22T13:46:01Z/2014-07-25T12:00:00Z,urn:catalog:otn:DFO-BIO:HFX:HFX037-VR3-312-4,Found floating in the cove near Bald Rock. Appears to have been cut loose at the anchor pin. Likely fishing interaction.,POINT(-63.30008 44.27016),EPSG:4326,171.0,2014-11-26,,
44.24188,-63.26881,2014-06-22T11:12:26Z/2016-07-08T00:00:00Z,urn:catalog:otn:DFO-BIO:HFX:HFX042-VR3-387-3,"found washed up in Spain, 2016-07-08",POINT(-63.26881 44.24188),EPSG:4326,160.0,2015-05-13,,
44.43825,-63.48719,,urn:catalog:otn:DFO-BIO:HFX:HFX008-VR4-250158-8,,POINT(-63.48719 44.43825),EPSG:4326,60.0,2015-11-02,,
44.32333,-63.3612,2015-04-20T14:59:27Z/2016-04-22T20:57:00Z,urn:catalog:otn:DFO-BIO:HFX:HFX028-VR4-250213-7,,POINT(-63.3612 44.32333),EPSG:4326,115.0,2015-11-02,,
44.43822,-63.48747,2013-10-30T12:43:54Z/2015-04-20T12:25:18Z,urn:catalog:otn:DFO-BIO:HFX:HFX008-VR4-250234-7,,POINT(-63.48747 44.43822),EPSG:4326,60.0,2015-11-02,,
44.32302,-63.36093,2013-10-23T19:56:27Z/2015-04-20T14:18:18Z,urn:catalog:otn:DFO-BIO:HFX:HFX028-VR4-250370-6,2 bolts in insets for anchor stand.  Release nut on top shackle from extra flotation used during drop,POINT(-63.36093 44.32302),EPSG:4326,115.0,2015-11-02,,
44.20696,-63.23135,2013-10-23T18:32:54Z/2015-04-20T17:46:17Z,urn:catalog:otn:DFO-BIO:HFX:HFX048-VR4-250242-4,2 leg screws on anchor stand. Release nut on top shackle from extra flotation used during drop,POINT(-63.23135 44.20696),EPSG:4326,165.0,2015-11-02,,
44.08804,-63.10097,2013-10-23T17:12:13Z/2015-04-20T19:40:54Z,urn:catalog:otn:DFO-BIO:HFX:HFX069-VR4-250174-4,1 bolt and one leg screw for anchor stand. Release nut on top shackle from extra flotation used during drop,POINT(-63.10097 44.08804),EPSG:4326,160.0,2015-11-02,,
43.56965,-63.44726,2014-06-12T18:26:16Z/2015-11-18T16:53:00Z,urn:catalog:otn:DFO-BIO:HFX:HFX153-VR4-250168-4,float crom plus number 13,POINT(-63.44726 43.56965),EPSG:4326,134.0,2016-01-22,,
43.73983,-63.3727,2013-05-28T14:14:54Z/2016-04-29T17:00:00Z,urn:catalog:otn:DFO-BIO:HFX:HFX128-VR4-250267-3,,POINT(-63.3727 43.73983),EPSG:4326,120.0,2016-12-05,,
43.74674,-63.36916,2013-05-28T14:03:30Z/2016-04-29T17:10:00Z,urn:catalog:otn:DFO-BIO:HFX:HFX127-VR4-250173-3,,POINT(-63.36916 43.74674),EPSG:4326,124.0,2016-12-05,,
43.76021,-63.36019,2013-05-28T12:23:59Z/2016-04-29T17:26:00Z,urn:catalog:otn:DFO-BIO:HFX:HFX125-VR4-250292-3,,POINT(-63.36019 43.76021),EPSG:4326,126.0,2016-12-05,,
44.403,-63.44875,2012-11-11T14:03:54Z/2016-02-22T17:09:59Z,urn:catalog:otn:DFO-BIO:HFX:HFX014-VR3-388-4,,POINT(-63.44875 44.403),EPSG:4326,97.0,2016-12-05,,
44.39703,-63.44258,2012-11-11T14:17:02Z/2016-02-22T17:28:13Z,urn:catalog:otn:DFO-BIO:HFX:HFX015-VR3-342-4,,POINT(-63.44258 44.39703),EPSG:4326,89.0,2016-12-05,,
44.3855,-63.42997,2012-11-11T14:46:25Z/2016-02-22T17:39:57Z,urn:catalog:otn:DFO-BIO:HFX:HFX017-VR3-343-4,,POINT(-63.42997 44.3855),EPSG:4326,108.0,2016-12-05,,
44.37983,-63.42311,2012-11-11T14:58:17Z/2016-02-22T17:46:03Z,urn:catalog:otn:DFO-BIO:HFX:HFX018-VR3-340-4,,POINT(-63.42311 44.37983),EPSG:4326,105.0,2016-12-05,,
44.31668,-63.35154,2012-11-11T18:22:41Z/2016-02-22T19:05:41Z,urn:catalog:otn:DFO-BIO:HFX:HFX029-VR3-325-4,,POINT(-63.35154 44.31668),EPSG:4326,120.0,2016-12-05,,
44.3106,-63.34534,2012-11-11T18:37:53Z/2016-02-22T19:11:37Z,urn:catalog:otn:DFO-BIO:HFX:HFX030-VR3-333-3,,POINT(-63.34534 44.3106),EPSG:4326,134.0,2016-12-05,,
44.30479,-63.33867,2012-11-11T18:51:13Z/2016-02-22T19:17:20Z,urn:catalog:otn:DFO-BIO:HFX:HFX031-VR3-316-3,,POINT(-63.33867 44.30479),EPSG:4326,142.0,2016-12-05,,
44.29311,-63.32598,2012-11-11T19:22:01Z/2016-02-22T19:43:38Z,urn:catalog:otn:DFO-BIO:HFX:HFX033-VR3-300-3,,POINT(-63.32598 44.29311),EPSG:4326,163.0,2016-12-05,,
44.24103,-63.26906,2012-11-19T13:15:23Z/2014-05-09T00:00:00Z,urn:catalog:otn:DFO-BIO:HFX:HFX042-VR4-250153-2,"Recovered by fishermen (Vessel Leading Lady) and brought into port in Riverport, NS",POINT(-63.26906 44.24103),EPSG:4326,160.0,2014-10-03,,
43.23345,-63.50009,2012-05-24T15:49:31Z/2016-12-07T12:15:00Z,urn:catalog:otn:OTN:HFX:HFX201-VR4-250338-1,,POINT(-63.50009 43.23345),EPSG:4326,168.0,2012-05-30,,
43.22632,-63.5001,2012-05-24T15:42:39Z/2016-12-07T12:41:00Z,urn:catalog:otn:OTN:HFX:HFX202-VR4-250298-1,,POINT(-63.5001 43.22632),EPSG:4326,168.0,2012-05-30,,
43.97717,-63.14147,2012-02-16T02:15:40Z/2016-08-15T14:37:00Z,urn:catalog:otn:OTN:HFX:HFX087-250355-1,,POINT(-63.14147 43.97717),EPSG:4326,210.0,2016-12-05,,
43.1687,-63.50024,2012-05-24T14:58:57Z/2016-12-07T15:37:00Z,urn:catalog:otn:OTN:HFX:HFX210-VR4-250323-1,,POINT(-63.50024 43.1687),EPSG:4326,148.0,2012-05-30,,
43.16141,-63.49966,2012-05-24T14:53:31Z/2016-12-07T15:56:00Z,urn:catalog:otn:OTN:HFX:HFX211-VR4-250283-1,,POINT(-63.49966 43.16141),EPSG:4326,147.0,2012-05-30,,
44.05994,-63.0792,2012-02-15T23:31:36Z/2016-08-15T12:34:00Z,urn:catalog:otn:OTN:HFX:HFX074-250181-1,,POINT(-63.0792 44.05994),EPSG:4326,204.0,2016-12-05,,
44.04088,-63.09349,2012-02-16T00:17:36Z/2014-01-17T20:27:19Z,urn:catalog:otn:OTN:HFX:HFX077-250151-1,instrument was displaced and found 2100m southwest of station 77.  It was known to be off station as of Nov 2 2013.  The unit was in perfect condition and did not show any sign of damage.  Not a scratch.,POINT(-63.09349 44.04088),EPSG:4326,199.0,2014-06-10,,
44.03457,-63.09815,2012-02-16T00:26:37Z/2015-03-13T00:00:00Z,urn:catalog:otn:OTN:HFX:HFX078-250098-1,"this mooring was not found.  It was known to be missing from station 78 at Nov 2 2013.|Caught by silver hake dragger Darren D'Eon. Probably dragged off station sometime before reporting lost, then moved then caught again.",POINT(-63.09815 44.03457),EPSG:4326,200.0,2015-05-13,,
44.04911,-63.08809,2012-02-16T00:00:08Z/2016-08-15T12:53:00Z,urn:catalog:otn:OTN:HFX:HFX076-250357-1,,POINT(-63.08809 44.04911),EPSG:4326,199.0,2016-12-05,,
44.0279,-63.10217,2012-02-16T00:38:28Z/2016-08-15T13:23:00Z,urn:catalog:otn:OTN:HFX:HFX079-250084-1,,POINT(-63.10217 44.0279),EPSG:4326,199.0,2016-12-05,,
44.08927,-63.09859,2012-11-19T20:08:03Z/2013-10-23T17:05:00Z,urn:catalog:otn:DFO-BIO:HFX:HFX069-VR4-250171-3,,POINT(-63.09859 44.08927),EPSG:4326,160.0,2014-06-10,,
44.08335,-63.09332,2012-11-19T20:18:22Z/2013-11-16T20:33:00Z,urn:catalog:otn:DFO-BIO:HFX:HFX070-VR4-250168-2,,POINT(-63.09332 44.08335),EPSG:4326,160.0,2014-06-10,,
44.07773,-63.08678,2012-11-19T20:28:44Z/2013-11-16T20:44:00Z,urn:catalog:otn:DFO-BIO:HFX:HFX071-VR4-250167-2,,POINT(-63.08678 44.07773),EPSG:4326,165.0,2014-06-10,,
44.07205,-63.08043,2012-11-19T20:45:07Z/2013-11-16T20:49:00Z,urn:catalog:otn:DFO-BIO:HFX:HFX072-VR4-250155-2,,POINT(-63.08043 44.07205),EPSG:4326,180.0,2014-06-10,,
44.19647,-63.21849,2011-03-30T15:14:38Z/2013-11-16T17:55:00Z,urn:catalog:otn:OTN:HFX:HFX050-250053-1,,POINT(-63.21849 44.19647),EPSG:4326,166.0,2014-06-10,,
44.1908,-63.21225,2011-03-30T15:23:11Z/2013-11-16T18:02:00Z,urn:catalog:otn:OTN:HFX:HFX051-250044-1,,POINT(-63.21225 44.1908),EPSG:4326,166.0,2014-06-10,,
44.18514,-63.20595,2011-03-30T15:31:58Z/2013-11-16T18:09:00Z,urn:catalog:otn:OTN:HFX:HFX052-250041-1,,POINT(-63.20595 44.18514),EPSG:4326,166.0,2014-06-10,,
44.1512,-63.16835,2011-03-30T16:24:38Z/2013-11-16T18:50:00Z,urn:catalog:otn:OTN:HFX:HFX058-250032-1,,POINT(-63.16835 44.1512),EPSG:4326,146.0,2014-06-10,,
44.1795,-63.19969,2011-03-30T15:40:51Z/2013-11-16T18:17:00Z,urn:catalog:otn:OTN:HFX:HFX053-250040-1,,POINT(-63.19969 44.1795),EPSG:4326,166.0,2014-06-10,,
44.17387,-63.19334,2011-03-30T15:49:29Z/2013-11-16T18:24:00Z,urn:catalog:otn:OTN:HFX:HFX054-250042-1,,POINT(-63.19334 44.17387),EPSG:4326,165.0,2014-06-10,,
44.16818,-63.18719,2011-03-30T15:58:14Z/2013-11-16T18:31:00Z,urn:catalog:otn:OTN:HFX:HFX055-250051-1,,POINT(-63.18719 44.16818),EPSG:4326,164.0,2014-06-10,,
44.16254,-63.18081,2011-03-30T16:07:01Z/2013-11-16T18:38:00Z,urn:catalog:otn:OTN:HFX:HFX056-250039-1,,POINT(-63.18081 44.16254),EPSG:4326,164.0,2014-06-10,,
44.15686,-63.17462,2011-03-30T16:15:40Z/2013-11-16T18:43:00Z,urn:catalog:otn:OTN:HFX:HFX057-250026-1,,POINT(-63.17462 44.15686),EPSG:4326,140.0,2014-06-10,,
44.13987,-63.15598,2011-03-30T16:42:38Z/2013-11-16T19:15:00Z,urn:catalog:otn:OTN:HFX:HFX060-250056-1,,POINT(-63.15598 44.13987),EPSG:4326,165.0,2014-06-10,,
44.13425,-63.14951,2011-03-30T16:52:02Z/2013-11-16T19:21:00Z,urn:catalog:otn:OTN:HFX:HFX061-250031-1,,POINT(-63.14951 44.13425),EPSG:4326,170.0,2014-06-10,,
44.12859,-63.14335,2011-03-30T17:01:11Z/2013-11-16T19:29:00Z,urn:catalog:otn:OTN:HFX:HFX062-250045-1,,POINT(-63.14335 44.12859),EPSG:4326,173.0,2014-06-10,,
44.12295,-63.13695,2011-03-30T17:10:37Z/2013-11-16T19:39:00Z,urn:catalog:otn:OTN:HFX:HFX063-250043-1,,POINT(-63.13695 44.12295),EPSG:4326,170.0,2014-06-10,,
44.11729,-63.13067,2011-03-30T17:20:06Z/2013-11-16T19:47:00Z,urn:catalog:otn:OTN:HFX:HFX064-250025-1,,POINT(-63.13067 44.11729),EPSG:4326,165.0,2014-06-10,,
44.11163,-63.12444,2011-03-30T17:29:27Z/2013-11-16T19:53:00Z,urn:catalog:otn:OTN:HFX:HFX065-250055-1,,POINT(-63.12444 44.11163),EPSG:4326,165.0,2014-06-10,,
44.10596,-63.11814,2011-03-30T17:39:00Z/2013-11-16T20:00:00Z,urn:catalog:otn:OTN:HFX:HFX066-250028-1,,POINT(-63.11814 44.10596),EPSG:4326,160.0,2014-06-10,,
44.27545,-63.30617,2012-11-11T20:07:46Z/2013-10-01T00:00:00Z,urn:catalog:otn:DFO-BIO:HFX:HFX036-VR4-250139-3,,POINT(-63.30617 44.27545),EPSG:4326,156.0,2014-06-10,,
44.43188,-63.4816,2011-03-29T15:08:22Z/2014-06-22T17:00:00Z,urn:catalog:otn:OTN:HFX:HFX009-250035-3,,POINT(-63.4816 44.43188),EPSG:4326,65.0,2014-10-03,,
44.26399,-63.29396,2014-06-22T13:32:59Z/2014-12-17T00:00:00Z,urn:catalog:otn:DFO-BIO:HFX:HFX038-VR3-144-3,Found floating off Cape Sable Island by Cory Townsend. Coordinates approximated using Google Earth.,POINT(-63.29396 44.26399),EPSG:4326,145.0,2015-05-13,,
44.35121,-63.39103,2014-06-22T16:03:50Z/2016-02-22T18:27:52Z,urn:catalog:otn:DFO-BIO:HFX:HFX023-VR3-341-5,,POINT(-63.39103 44.35121),EPSG:4326,126.0,2016-12-05,,
44.28729,-63.31992,2014-06-22T14:27:36Z/2016-02-22T19:56:46Z,urn:catalog:otn:DFO-BIO:HFX:HFX034-VR3-159-4,,POINT(-63.31992 44.28729),EPSG:4326,170.0,2016-12-05,,
44.28173,-63.3131,2014-06-22T14:10:49Z/2016-07-27T19:54:00Z,urn:catalog:otn:DFO-BIO:HFX:HFX035-VR3-321-4,VR3 serial number not recorded when deployed; inferred from allocation,POINT(-63.3131 44.28173),EPSG:4326,,2016-12-05,,
44.25865,-63.28784,2014-06-22T12:06:08Z/2016-07-27T19:32:00Z,urn:catalog:otn:DFO-BIO:HFX:HFX039-VR3-145-2,,POINT(-63.28784 44.25865),EPSG:4326,145.0,2016-12-05,,
44.25293,-63.28102,2014-06-22T11:52:52Z/2016-07-27T19:22:00Z,urn:catalog:otn:DFO-BIO:HFX:HFX040-VR3-141-3,,POINT(-63.28102 44.25293),EPSG:4326,142.0,2016-12-05,,
44.24714,-63.27502,2014-06-22T11:25:01Z/2016-07-27T18:46:00Z,urn:catalog:otn:DFO-BIO:HFX:HFX041-VR3-147-3,,POINT(-63.27502 44.24714),EPSG:4326,142.0,2016-12-05,,
43.75264,-63.36441,2013-05-28T13:47:51Z/2014-06-12T20:13:00Z,urn:catalog:otn:DFO-BIO:HFX:HFX126-VR4-250162-3,,POINT(-63.36441 43.75264),EPSG:4326,124.0,2014-10-03,,
44.2204,-63.25,2013-07-08T11:12:00Z/2014-06-22T10:44:00Z,urn:catalog:otn:DFO-BIO:HFX:HFX045-VR4-250175-3,,POINT(-63.25 44.2204),EPSG:4326,146.0,2014-10-03,,
44.44943,-63.50088,2011-03-29T13:33:54Z/2014-06-22T18:34:00Z,urn:catalog:otn:OTN:HFX:HFX006-250063-3,,POINT(-63.50088 44.44943),EPSG:4326,77.0,2014-10-03,,
44.44361,-63.49397,2011-03-29T13:42:15Z/2014-06-22T18:04:00Z,urn:catalog:otn:OTN:HFX:HFX007-250024-3,,POINT(-63.49397 44.44361),EPSG:4326,68.0,2014-10-03,,
44.35144,-63.39089,2012-11-11T16:04:48Z/2014-06-22T15:51:00Z,urn:catalog:otn:DFO-BIO:HFX:HFX023-VR3-341-4,,POINT(-63.39089 44.35144),EPSG:4326,126.0,2014-10-03,,
44.28155,-63.31293,2012-11-11T19:54:04Z/2014-06-22T14:10:00Z,urn:catalog:otn:DFO-BIO:HFX:HFX035-VR4-250121-3,,POINT(-63.31293 44.28155),EPSG:4326,,2014-10-03,,
44.27004,-63.29994,2012-11-11T20:21:19Z/2014-06-22T13:44:00Z,urn:catalog:otn:DFO-BIO:HFX:HFX037-VR4-250146-3,,POINT(-63.29994 44.27004),EPSG:4326,171.0,2014-10-03,,
44.24781,-63.27482,2012-11-19T12:54:03Z/2014-06-22T11:12:00Z,urn:catalog:otn:DFO-BIO:HFX:HFX041-VR4-250143-2,,POINT(-63.27482 44.24781),EPSG:4326,142.0,2014-10-03,,
44.21905,-63.24361,2011-03-29T20:14:01Z/2014-06-22T09:55:00Z,urn:catalog:otn:OTN:HFX:HFX046-250036-1,,POINT(-63.24361 44.21905),EPSG:4326,150.0,2014-10-03,,
44.21325,-63.23725,2011-07-28T16:30:00Z/2014-06-22T09:40:00Z,urn:catalog:otn:OTN:HFX:HFX047-250049-2,,POINT(-63.23725 44.21325),EPSG:4326,151.0,2014-10-03,,
44.2021,-63.22483,2011-03-30T15:06:02Z/2014-06-22T09:10:00Z,urn:catalog:otn:OTN:HFX:HFX049-250029-1,,POINT(-63.22483 44.2021),EPSG:4326,166.0,2014-10-03,,
44.23613,-63.26229,2011-03-29T19:45:19Z/2014-06-22T11:05:00Z,urn:catalog:otn:OTN:HFX:HFX043-250054-1,,POINT(-63.26229 44.23613),EPSG:4326,170.0,2014-10-03,,
44.23037,-63.25615,2011-03-29T19:55:05Z/2014-06-22T10:25:00Z,urn:catalog:otn:OTN:HFX:HFX044-250046-1,,POINT(-63.25615 44.23037),EPSG:4326,145.0,2014-10-03,,
44.14552,-63.16195,2013-11-16T19:11:16Z/2014-09-18T00:00:00Z,urn:catalog:otn:DFO-BIO:HFX:HFX059-VR3-308-3,"Reported as found floating ""south of the Halifax traffic lanes"". Position is very approximate estimate.",POINT(-63.16195 44.14552),EPSG:4326,150.0,2014-11-26,,
44.23196,-63.25971,2014-12-12T13:21:13Z/2016-07-27T18:24:00Z,urn:catalog:otn:DFO-BIO:HFX:HFX044-VR3-330-3,"Station displaced, f by ranging AR",POINT(-63.25971 44.23196),EPSG:4326,145.0,2016-12-05,,
43.91359,-63.18886,2013-10-23T15:14:00Z/2015-04-20T21:11:46Z,urn:catalog:otn:DFO-BIO:HFX:HFX097-VR4-250057-3,2 bolts in insets for anchor stand.  Release nut on top shackle fromextra flotation used during drop,POINT(-63.18886 43.91359),EPSG:4326,133.0,2015-11-02,,
42.91625,-63.49955,2014-06-12T09:12:08Z/2015-11-19T12:21:00Z,urn:catalog:otn:DFO-BIO:HFX:HFX245-VR4-250163-3,plastic anchor stand with leg bolts,POINT(-63.49955 42.91625),EPSG:4326,172.0,2016-01-22,,
43.38328,-63.49852,2014-06-12T15:55:03Z/2015-11-18T18:48:00Z,urn:catalog:otn:DFO-BIO:HFX:HFX180-VR4-250171-3,plastic anchor stand with leg bolts,POINT(-63.49852 43.38328),EPSG:4326,167.0,2016-01-22,,
43.75289,-63.36436,2014-06-12T20:17:22Z/2015-11-18T14:27:00Z,urn:catalog:otn:DFO-BIO:HFX:HFX126-VR4-250170-4,,POINT(-63.36436 43.75289),EPSG:4326,124.0,2016-01-22,,
43.15372,-63.50048,,urn:catalog:otn:DFO-BIO:HFX:HFX212-VR4-250174-3,,POINT(-63.50048 43.15372),EPSG:4326,147.0,2016-01-22,,
42.9020852,-63.5002957,,urn:catalog:otn:DFO-BIO:HFX:HFX-247-VR4-250263-2,,POINT(-63.5002957 42.9020852),EPSG:4326,174.0,2016-12-05,,
42.8515342,-63.5001778,,urn:catalog:otn:DFO-BIO:HFX:HFX-254-VR4-250310-2,,POINT(-63.5001778 42.8515342),EPSG:4326,179.0,2016-12-05,,
42.9379628,-63.500166,,urn:catalog:otn:DFO-BIO:HFX:HFX-242-VR4-250260-2,,POINT(-63.500166 42.9379628),EPSG:4326,169.0,2016-12-05,,
42.9094367,-63.5001643,,urn:catalog:otn:DFO-BIO:HFX:HFX-246-VR4-250291-2,,POINT(-63.5001643 42.9094367),EPSG:4326,174.0,2016-12-05,,
42.92376,-63.5001345,,urn:catalog:otn:DFO-BIO:HFX:HFX-244-VR4-250311-2,,POINT(-63.5001345 42.92376),EPSG:4326,169.0,2016-12-05,,
42.9308923,-63.5000967,,urn:catalog:otn:DFO-BIO:HFX:HFX-243-VR4-250249-2,,POINT(-63.5000967 42.9308923),EPSG:4326,169.0,2016-12-05,,
42.8949337,-63.500086,,urn:catalog:otn:DFO-BIO:HFX:HFX-248-VR4-250231-2,,POINT(-63.500086 42.8949337),EPSG:4326,174.0,2016-12-05,,
42.8732783,-63.5000672,,urn:catalog:otn:DFO-BIO:HFX:HFX-251-VR4-250312-2,,POINT(-63.5000672 42.8732783),EPSG:4326,171.0,2016-12-05,,
42.8802793,-63.5000158,,urn:catalog:otn:DFO-BIO:HFX:HFX-250-VR4-250314-2,,POINT(-63.5000158 42.8802793),EPSG:4326,172.0,2016-12-05,,
42.887695,-63.499973,,urn:catalog:otn:DFO-BIO:HFX:HFX-249-VR4-250322-2,,POINT(-63.499973 42.887695),EPSG:4326,172.0,2016-12-05,,
42.8589682,-63.4998117,,urn:catalog:otn:DFO-BIO:HFX:HFX-253-VR4-250319-2,,POINT(-63.4998117 42.8589682),EPSG:4326,176.0,2016-12-05,,
44.438688,-63.483642,,urn:catalog:otn:DFO-BIO:HFX:HFX-008-VR4-250163-9,,POINT(-63.483642 44.438688),EPSG:4326,60.0,2016-12-05,,
43.6274267,-63.4044467,,urn:catalog:otn:DFO-BIO:HFX:HFX-144-VR4-250473-4,,POINT(-63.4044467 43.6274267),EPSG:4326,122.0,2016-12-05,,
44.323263,-63.360823,,urn:catalog:otn:DFO-BIO:HFX:HFX-028-VR4-250171-8,,POINT(-63.360823 44.323263),EPSG:4326,115.0,2016-12-05,,
44.087942,-63.101562,,urn:catalog:otn:DFO-BIO:HFX:HFX-069-VR4-250216-6,,POINT(-63.101562 44.087942),EPSG:4326,160.0,2016-12-05,,
43.64797,-63.39958,2013-05-28T17:24:06Z/2016-04-29T14:55:00Z,urn:catalog:otn:DFO-BIO:HFX:HFX141-VR4-250265-3,,POINT(-63.39958 43.64797),EPSG:4326,116.0,2016-12-05,,
43.65541,-63.39962,2013-05-28T17:16:55Z/2016-04-29T15:01:00Z,urn:catalog:otn:DFO-BIO:HFX:HFX140-VR4-250441-3,,POINT(-63.39962 43.65541),EPSG:4326,112.0,2016-12-05,,
43.66301,-63.39981,2013-05-28T17:07:08Z/2016-04-29T15:08:00Z,urn:catalog:otn:DFO-BIO:HFX:HFX139-VR4-250270-3,,POINT(-63.39981 43.66301),EPSG:4326,109.0,2016-12-05,,
43.67022,-63.39991,2013-05-28T16:57:34Z/2016-04-29T15:17:00Z,urn:catalog:otn:DFO-BIO:HFX:HFX138-VR4-250444-3,,POINT(-63.39991 43.67022),EPSG:4326,108.0,2016-12-05,,
43.67757,-63.39991,2013-05-28T16:48:47Z/2016-04-29T15:25:00Z,urn:catalog:otn:DFO-BIO:HFX:HFX137-VR4-250272-3,,POINT(-63.39991 43.67757),EPSG:4326,112.0,2016-12-05,,
43.69268,-63.39999,2013-05-28T16:30:20Z/2016-04-29T15:58:00Z,urn:catalog:otn:DFO-BIO:HFX:HFX135-VR4-250284-3,,POINT(-63.39999 43.69268),EPSG:4326,114.0,2016-12-05,,
43.69981,-63.40013,2013-05-28T16:18:25Z/2016-04-29T13:08:00Z,urn:catalog:otn:DFO-BIO:HFX:HFX134-VR4-250033-3,,POINT(-63.40013 43.69981),EPSG:4326,118.0,2016-12-05,,
43.70638,-63.39574,2013-05-28T16:09:22Z/2016-04-29T16:16:00Z,urn:catalog:otn:DFO-BIO:HFX:HFX133-VR4-250442-3,,POINT(-63.39574 43.70638),EPSG:4326,117.0,2016-12-05,,
43.71341,-63.39119,2013-05-28T15:59:31Z/2016-04-29T16:26:00Z,urn:catalog:otn:DFO-BIO:HFX:HFX132-VR4-250274-3,,POINT(-63.39119 43.71341),EPSG:4326,117.0,2016-12-05,,
43.71975,-63.3867,2013-05-28T14:57:27Z/2016-04-29T16:35:00Z,urn:catalog:otn:DFO-BIO:HFX:HFX131-VR4-250346-3,,POINT(-63.3867 43.71975),EPSG:4326,121.0,2016-12-05,,
43.72679,-63.38248,2013-05-28T14:51:42Z/2016-04-29T16:45:00Z,urn:catalog:otn:DFO-BIO:HFX:HFX130-VR4-250268-3,,POINT(-63.38248 43.72679),EPSG:4326,124.0,2016-12-05,,
43.73319,-63.37754,2013-05-28T14:37:50Z/2016-04-29T16:53:00Z,urn:catalog:otn:DFO-BIO:HFX:HFX129-VR4-250266-3,,POINT(-63.37754 43.73319),EPSG:4326,124.0,2016-12-05,,
43.7667,-63.35541,2013-05-28T12:12:12Z/2016-04-29T17:33:00Z,urn:catalog:otn:DFO-BIO:HFX:HFX124-VR4-250269-3,,POINT(-63.35541 43.7667),EPSG:4326,120.0,2016-12-05,,
43.7733,-63.35054,2013-05-28T11:58:55Z/2016-04-29T17:41:00Z,urn:catalog:otn:DFO-BIO:HFX:HFX123-VR4-250275-3,,POINT(-63.35054 43.7733),EPSG:4326,117.0,2016-12-05,,
43.78651,-63.34234,2013-05-28T11:33:20Z/2016-04-29T19:45:00Z,urn:catalog:otn:DFO-BIO:HFX:HFX121-VR4-250271-3,,POINT(-63.34234 43.78651),EPSG:4326,124.0,2016-12-05,,
43.79323,-63.33733,2013-05-28T11:17:45Z/2016-04-29T19:55:00Z,urn:catalog:otn:DFO-BIO:HFX:HFX120-VR4-250160-3,,POINT(-63.33733 43.79323),EPSG:4326,129.0,2016-12-05,,
43.79986,-63.3331,2013-05-28T11:05:22Z/2016-04-29T20:05:00Z,urn:catalog:otn:DFO-BIO:HFX:HFX119-VR4-250264-3,,POINT(-63.3331 43.79986),EPSG:4326,131.0,2016-12-05,,
43.8043,-63.32552,2013-05-28T10:42:36Z/2016-08-28T14:02:00Z,urn:catalog:otn:DFO-BIO:HFX:HFX118-VR4-250282-3,180 khz deactivated,POINT(-63.32552 43.8043),EPSG:4326,130.0,2016-12-05,,
43.80834,-63.31703,2013-05-28T10:30:45Z/2016-08-28T13:55:00Z,urn:catalog:otn:DFO-BIO:HFX:HFX117-VR4-250300-3,180 khz deactivated,POINT(-63.31703 43.80834),EPSG:4326,129.0,2016-12-05,,
43.81324,-63.30918,2013-05-28T10:15:15Z/2016-08-28T13:49:00Z,urn:catalog:otn:DFO-BIO:HFX:HFX116-VR4-250273-3,180 khz deactivated,POINT(-63.30918 43.81324),EPSG:4326,140.0,2016-12-05,,
44.37417,-63.4169,2012-11-11T15:12:04Z/2016-02-22T17:51:57Z,urn:catalog:otn:DFO-BIO:HFX:HFX019-VR3-344-4,,POINT(-63.4169 44.37417),EPSG:4326,100.0,2016-12-05,,
44.36843,-63.41014,2012-11-11T15:23:28Z/2016-02-22T17:58:25Z,urn:catalog:otn:DFO-BIO:HFX:HFX020-VR3-347-4,,POINT(-63.41014 44.36843),EPSG:4326,105.0,2016-12-05,,
42.85166,-63.49995,2012-05-24T09:29:24Z/2016-09-16T14:24:00Z,urn:catalog:otn:OTN:HFX:HFX254-VR4-250312-1,,POINT(-63.49995 42.85166),EPSG:4326,179.0,2016-12-05,,
44.02162,-63.10683,2012-02-16T00:48:53Z/2016-08-15T13:33:00Z,urn:catalog:otn:OTN:HFX:HFX080-250096-1,,POINT(-63.10683 44.02162),EPSG:4326,207.0,2016-12-05,,
44.01518,-63.11176,2012-02-16T01:02:50Z/2016-08-15T13:42:00Z,urn:catalog:otn:OTN:HFX:HFX081-250142-1,,POINT(-63.11176 44.01518),EPSG:4326,213.0,2016-12-05,,
44.00873,-63.11657,2012-02-16T01:13:41Z/2016-08-15T13:52:00Z,urn:catalog:otn:OTN:HFX:HFX082-250086-1,,POINT(-63.11657 44.00873),EPSG:4326,196.0,2016-12-05,,
44.0027,-63.1213,2012-02-16T01:25:23Z/2016-08-15T14:01:00Z,urn:catalog:otn:OTN:HFX:HFX083-250180-1,,POINT(-63.1213 44.0027),EPSG:4326,195.0,2016-12-05,,
43.99641,-63.12604,2012-02-16T01:36:55Z/2016-08-15T14:10:00Z,urn:catalog:otn:OTN:HFX:HFX084-250179-1,,POINT(-63.12604 43.99641),EPSG:4326,201.0,2016-12-05,,
43.98999,-63.13182,2012-02-16T01:51:18Z/2016-08-15T14:20:00Z,urn:catalog:otn:OTN:HFX:HFX085-250144-1,,POINT(-63.13182 43.98999),EPSG:4326,199.0,2016-12-05,,
43.97074,-63.14619,2012-02-16T02:25:58Z/2016-08-15T14:47:00Z,urn:catalog:otn:OTN:HFX:HFX088-250101-1,,POINT(-63.14619 43.97074),EPSG:4326,212.0,2016-12-05,,
43.96465,-63.15083,2012-02-16T02:37:20Z/2016-08-15T14:56:00Z,urn:catalog:otn:OTN:HFX:HFX089-250104-1,,POINT(-63.15083 43.96465),EPSG:4326,181.0,2016-12-05,,
43.95812,-63.15571,2012-02-16T02:48:20Z/2016-08-15T15:05:00Z,urn:catalog:otn:OTN:HFX:HFX090-250140-1,,POINT(-63.15571 43.95812),EPSG:4326,167.0,2016-12-05,,
43.95173,-63.16059,2012-02-16T02:59:39Z/2016-08-15T15:13:00Z,urn:catalog:otn:OTN:HFX:HFX091-250099-1,,POINT(-63.16059 43.95173),EPSG:4326,143.0,2016-12-05,,
43.94532,-63.16522,2012-02-16T10:40:59Z/2016-08-15T15:23:00Z,urn:catalog:otn:OTN:HFX:HFX092-250134-1,,POINT(-63.16522 43.94532),EPSG:4326,140.0,2016-12-05,,
43.93904,-63.16999,2012-02-16T10:49:36Z/2016-08-15T15:32:00Z,urn:catalog:otn:OTN:HFX:HFX093-250107-1,,POINT(-63.16999 43.93904),EPSG:4326,142.0,2016-12-05,,
43.93265,-63.17481,2012-02-16T10:57:51Z/2016-08-15T15:40:00Z,urn:catalog:otn:OTN:HFX:HFX094-250353-1,,POINT(-63.17481 43.93265),EPSG:4326,140.0,2016-12-05,,
43.92633,-63.17962,2012-02-16T11:08:43Z/2016-08-15T15:49:00Z,urn:catalog:otn:OTN:HFX:HFX095-250147-1,,POINT(-63.17962 43.92633),EPSG:4326,137.0,2016-12-05,,
43.91994,-63.18439,2012-02-16T11:18:44Z/2016-08-15T15:58:00Z,urn:catalog:otn:OTN:HFX:HFX096-250130-1,,POINT(-63.18439 43.91994),EPSG:4326,132.0,2016-12-05,,
43.90728,-63.19393,2012-02-16T11:45:09Z/2016-08-28T09:57:00Z,urn:catalog:otn:OTN:HFX:HFX098-250087-1,180 khz deactivated,POINT(-63.19393 43.90728),EPSG:4326,135.0,2016-12-05,,
43.90088,-63.19874,2012-02-16T11:54:35Z/2016-08-28T10:25:00Z,urn:catalog:otn:OTN:HFX:HFX099-250095-1,180 khz deactivated,POINT(-63.19874 43.90088),EPSG:4326,101.0,2016-12-05,,
43.89448,-63.20349,2012-02-16T12:04:37Z/2016-08-28T10:36:00Z,urn:catalog:otn:OTN:HFX:HFX100-250113-1,180 khz deactivated,POINT(-63.20349 43.89448),EPSG:4326,133.0,2016-12-05,,
43.88814,-63.20832,2012-02-16T12:15:22Z/2016-08-28T10:44:00Z,urn:catalog:otn:OTN:HFX:HFX101-250133-1,180 khz deactivated,POINT(-63.20832 43.88814),EPSG:4326,131.0,2016-12-05,,
43.87541,-63.21791,2012-02-16T12:36:26Z/2016-08-28T12:11:00Z,urn:catalog:otn:OTN:HFX:HFX103-250350-1,180 khz deactivated,POINT(-63.21791 43.87541),EPSG:4326,133.0,2016-12-05,,
43.86916,-63.22261,2012-02-16T12:45:25Z/2016-08-28T12:21:00Z,urn:catalog:otn:OTN:HFX:HFX104-250177-1,180 khz deactivated,POINT(-63.22261 43.86916),EPSG:4326,138.0,2016-12-05,,
43.86264,-63.22745,2012-02-16T12:56:18Z/2016-08-28T12:28:00Z,urn:catalog:otn:OTN:HFX:HFX105-250124-1,180 khz deactivated,POINT(-63.22745 43.86264),EPSG:4326,139.0,2016-12-05,,
43.85627,-63.23223,2012-02-16T13:07:20Z/2016-08-28T12:37:00Z,urn:catalog:otn:OTN:HFX:HFX106-250112-1,180 khz deactivated,POINT(-63.23223 43.85627),EPSG:4326,141.0,2016-12-05,,
43.85201,-63.23979,2012-02-16T13:16:14Z/2016-08-28T12:45:00Z,urn:catalog:otn:OTN:HFX:HFX107-250097-1,180 khz deactivated,POINT(-63.23979 43.85201),EPSG:4326,132.0,2016-12-05,,
43.84738,-63.2469,2012-02-16T13:25:14Z/2016-08-28T12:52:00Z,urn:catalog:otn:OTN:HFX:HFX108-250354-1,180 khz deactivated,POINT(-63.2469 43.84738),EPSG:4326,125.0,2016-12-05,,
43.84366,-63.25558,2012-02-16T13:34:27Z/2016-08-28T13:00:00Z,urn:catalog:otn:OTN:HFX:HFX109-250118-1,180 khz deactivated,POINT(-63.25558 43.84366),EPSG:4326,121.0,2016-12-05,,
43.83852,-63.2625,2012-02-16T13:43:19Z/2016-08-28T13:11:00Z,urn:catalog:otn:OTN:HFX:HFX110-250126-1,180 khz deactivated,POINT(-63.2625 43.83852),EPSG:4326,118.0,2016-12-05,,
43.83428,-63.27016,2012-02-16T13:54:00Z/2016-08-28T13:17:00Z,urn:catalog:otn:OTN:HFX:HFX111-250129-1,180 khz deactivated,POINT(-63.27016 43.83428),EPSG:4326,126.0,2016-12-05,,
43.83007,-63.27802,2012-02-16T14:03:37Z/2016-08-28T13:23:00Z,urn:catalog:otn:OTN:HFX:HFX112-250115-1,180 khz deactivated,POINT(-63.27802 43.83007),EPSG:4326,121.0,2016-12-05,,
43.82618,-63.28576,2012-02-16T14:14:26Z/2016-08-28T13:28:00Z,urn:catalog:otn:OTN:HFX:HFX113-250182-1,180 khz deactivated,POINT(-63.28576 43.82618),EPSG:4326,127.0,2016-12-05,,
43.82182,-63.29423,2012-02-16T14:24:13Z/2016-08-28T13:37:00Z,urn:catalog:otn:OTN:HFX:HFX114-250100-1,180 khz deactivated,POINT(-63.29423 43.82182),EPSG:4326,139.0,2016-12-05,,
43.81778,-63.30154,2012-02-16T14:34:42Z/2016-08-28T13:43:00Z,urn:catalog:otn:OTN:HFX:HFX115-250125-1,180 khz deactivated,POINT(-63.30154 43.81778),EPSG:4326,142.0,2016-12-05,,
43.01016,-63.49989,2012-05-24T11:14:41Z/2016-09-16T11:40:00Z,urn:catalog:otn:OTN:HFX:HFX232-VR4-250305-1,,POINT(-63.49989 43.01016),EPSG:4326,173.0,2016-12-05,,
43.00303,-63.5001,2012-05-24T11:10:20Z/2016-09-16T12:00:00Z,urn:catalog:otn:OTN:HFX:HFX233-VR4-250286-1,,POINT(-63.5001 43.00303),EPSG:4326,174.0,2016-12-05,,
42.9958,-63.5,2012-05-24T11:05:50Z/2016-09-16T12:08:00Z,urn:catalog:otn:OTN:HFX:HFX234-VR4-250287-1,,POINT(-63.5 42.9958),EPSG:4326,174.0,2016-12-05,,
42.95967,-63.49997,2012-05-24T10:44:05Z/2016-09-16T12:40:00Z,urn:catalog:otn:OTN:HFX:HFX239-VR4-250249-1,,POINT(-63.49997 42.95967),EPSG:4326,169.0,2016-12-05,,
42.95246,-63.49992,2012-05-24T10:39:19Z/2016-09-16T12:46:06Z,urn:catalog:otn:OTN:HFX:HFX240-VR4-250291-1,,POINT(-63.49992 42.95246),EPSG:4326,167.0,2016-12-05,,
42.93799,-63.49992,2012-05-24T10:29:28Z/2016-09-16T12:58:08Z,urn:catalog:otn:OTN:HFX:HFX242-VR4-250225-1,,POINT(-63.49992 42.93799),EPSG:4326,169.0,2016-12-05,,
42.93086,-63.49999,2012-05-24T10:24:47Z/2016-09-16T13:05:09Z,urn:catalog:otn:OTN:HFX:HFX243-VR4-250341-1,,POINT(-63.49999 42.93086),EPSG:4326,169.0,2016-12-05,,
42.92372,-63.50004,2012-05-24T10:20:04Z/2016-09-16T13:10:10Z,urn:catalog:otn:OTN:HFX:HFX244-VR4-250260-1,,POINT(-63.50004 42.92372),EPSG:4326,169.0,2016-12-05,,
42.90925,-63.49999,2012-05-24T10:08:34Z/2016-09-16T13:24:10Z,urn:catalog:otn:OTN:HFX:HFX246-VR4-250322-1,,POINT(-63.49999 42.90925),EPSG:4326,174.0,2016-12-05,,
42.90203,-63.49995,2012-05-24T10:03:43Z/2016-09-16T13:29:10Z,urn:catalog:otn:OTN:HFX:HFX247-VR4-250319-1,,POINT(-63.49995 42.90203),EPSG:4326,174.0,2016-12-05,,
42.89487,-63.50002,2012-05-24T09:58:50Z/2016-09-16T13:33:11Z,urn:catalog:otn:OTN:HFX:HFX248-VR4-250310-1,,POINT(-63.50002 42.89487),EPSG:4326,174.0,2016-12-05,,
42.88764,-63.50002,2012-05-24T09:54:08Z/2016-09-16T13:40:12Z,urn:catalog:otn:OTN:HFX:HFX249-VR4-250219-1,,POINT(-63.50002 42.88764),EPSG:4326,172.0,2016-12-05,,
42.84442,-63.50003,2012-05-24T09:25:03Z/2016-09-16T14:30:18Z,urn:catalog:otn:OTN:HFX:HFX255-VR4-250329-1,,POINT(-63.50003 42.84442),EPSG:4326,185.0,2016-12-05,,
42.83737,-63.49981,2012-05-24T09:20:23Z/2016-09-16T14:35:19Z,urn:catalog:otn:OTN:HFX:HFX256-VR4-250314-1,,POINT(-63.49981 42.83737),EPSG:4326,194.0,2016-12-05,,
44.17948,-63.20007,2013-11-16T18:19:49Z/2016-04-23T12:23:23Z,urn:catalog:otn:DFO-BIO:HFX:HFX053-VR3-386-2,,POINT(-63.20007 44.17948),EPSG:4326,166.0,2016-12-05,,
44.17387,-63.19376,2013-11-16T18:25:48Z/2016-04-23T12:31:29Z,urn:catalog:otn:DFO-BIO:HFX:HFX054-VR3-384-2,,POINT(-63.19376 44.17387),EPSG:4326,165.0,2016-12-05,,
44.16814,-63.18762,2013-11-16T18:33:14Z/2016-04-23T12:38:14Z,urn:catalog:otn:DFO-BIO:HFX:HFX055-VR3-352-2,,POINT(-63.18762 44.16814),EPSG:4326,164.0,2016-12-05,,
44.16265,-63.18116,2013-11-16T18:39:20Z/2016-04-23T12:46:58Z,urn:catalog:otn:DFO-BIO:HFX:HFX056-VR3-306-2,,POINT(-63.18116 44.16265),EPSG:4326,164.0,2016-12-05,,
44.15686,-63.17499,2013-11-16T18:45:21Z/2016-04-23T13:21:21Z,urn:catalog:otn:DFO-BIO:HFX:HFX057-VR3-317-2,,POINT(-63.17499 44.15686),EPSG:4326,140.0,2016-12-05,,
44.15139,-63.16853,2013-11-16T18:51:20Z/2016-04-23T14:06:51Z,urn:catalog:otn:DFO-BIO:HFX:HFX058-VR3-323-2,"AR would not talk, did release",POINT(-63.16853 44.15139),EPSG:4326,146.0,2016-12-05,,
44.13981,-63.15623,2013-11-16T19:17:00Z/2016-04-23T14:26:31Z,urn:catalog:otn:DFO-BIO:HFX:HFX060-VR3-313-2,,POINT(-63.15623 44.13981),EPSG:4326,165.0,2016-12-05,,
44.12893,-63.14374,2013-11-16T19:34:30Z/2016-04-23T14:52:06Z,urn:catalog:otn:DFO-BIO:HFX:HFX062-VR3-326-2,,POINT(-63.14374 44.12893),EPSG:4326,173.0,2016-12-05,,
44.12289,-63.13765,2013-11-16T19:40:16Z/2016-04-23T15:00:14Z,urn:catalog:otn:DFO-BIO:HFX:HFX063-VR3-328-2,,POINT(-63.13765 44.12289),EPSG:4326,170.0,2016-12-05,,
44.1174,-63.13099,2013-11-16T19:47:37Z/2016-04-23T15:08:23Z,urn:catalog:otn:DFO-BIO:HFX:HFX064-VR3-111-2,,POINT(-63.13099 44.1174),EPSG:4326,165.0,2016-12-05,,
44.11164,-63.12495,2013-11-16T19:53:11Z/2016-04-23T15:16:02Z,urn:catalog:otn:DFO-BIO:HFX:HFX065-VR3-183-2,,POINT(-63.12495 44.11164),EPSG:4326,165.0,2016-12-05,,
44.10578,-63.11825,2013-11-16T20:02:01Z/2016-07-27T14:28:00Z,urn:catalog:otn:DFO-BIO:HFX:HFX066-VR3-298-2,,POINT(-63.11825 44.10578),EPSG:4326,160.0,2016-12-05,,
44.10001,-63.1121,2013-11-16T20:16:31Z/2016-07-27T14:31:00Z,urn:catalog:otn:DFO-BIO:HFX:HFX067-VR3-329-3,,POINT(-63.1121 44.10001),EPSG:4326,160.0,2016-12-05,,
44.09451,-63.10541,2013-11-16T20:22:10Z/2016-07-27T14:41:00Z,urn:catalog:otn:DFO-BIO:HFX:HFX068-VR3-348-3,,POINT(-63.10541 44.09451),EPSG:4326,160.0,2016-12-05,,
44.08326,-63.09346,2013-11-16T20:34:24Z/2016-07-27T14:52:00Z,urn:catalog:otn:DFO-BIO:HFX:HFX070-VR3-309-3,,POINT(-63.09346 44.08326),EPSG:4326,160.0,2016-12-05,,
44.07761,-63.08709,2013-11-16T20:42:52Z/2016-07-27T14:58:00Z,urn:catalog:otn:DFO-BIO:HFX:HFX071-VR3-314-3,,POINT(-63.08709 44.07761),EPSG:4326,165.0,2016-12-05,,
44.07209,-63.08086,2013-11-16T20:52:55Z/2016-07-27T15:05:00Z,urn:catalog:otn:DFO-BIO:HFX:HFX072-VR3-322-3,,POINT(-63.08086 44.07209),EPSG:4326,180.0,2016-12-05,,
44.03463,-63.09863,2014-01-17T20:56:37Z/2016-08-15T13:14:00Z,urn:catalog:otn:DFO-BIO:HFX:HFX078-VR4-250252-2,Deployed to replace station 78 whch was not found.  Station  77 was also displaced but was found,POINT(-63.09863 44.03463),EPSG:4326,200.0,2016-12-05,,
44.23626,-63.26195,2014-06-22T11:03:57Z/2016-07-27T17:56:00Z,urn:catalog:otn:DFO-BIO:HFX:HFX043-VR3-307-2,,POINT(-63.26195 44.23626),EPSG:4326,170.0,2016-12-05,,
44.21905,-63.24336,2014-06-22T09:54:04Z/2016-07-27T17:06:00Z,urn:catalog:otn:DFO-BIO:HFX:HFX046-VR3-301-2,,POINT(-63.24336 44.21905),EPSG:4326,150.0,2016-12-05,,
44.2133,-63.23715,2014-06-22T09:42:52Z/2016-07-27T17:01:00Z,urn:catalog:otn:DFO-BIO:HFX:HFX047-VR3-146-3,,POINT(-63.23715 44.2133),EPSG:4326,151.0,2016-12-05,,
44.20203,-63.2246,2014-06-22T09:18:36Z/2016-07-27T16:39:00Z,urn:catalog:otn:DFO-BIO:HFX:HFX049-VR3-336-2,,POINT(-63.2246 44.20203),EPSG:4326,166.0,2016-12-05,,
43.77984,-63.34655,2014-06-12T20:53:18Z/2016-08-28T14:43:00Z,urn:catalog:otn:DFO-BIO:HFX:HFX122-VR4-250281-4,"Drop dead date assigned as per neighbouring stations|180 khz deactivated|Unit on station, offloaded VR4.  Release non-responsive",POINT(-63.34655 43.77984),EPSG:4326,118.0,2016-12-05,,
44.42628,-63.47511,2012-11-11T12:59:28Z/2016-01-23T21:01:10Z,urn:catalog:otn:DFO-BIO:HFX:HFX010-VR3-00390-5,,POINT(-63.47511 44.42628),EPSG:4326,89.0,2016-12-05,,
44.42003,-63.46863,2012-11-11T13:15:21Z/2016-02-22T16:44:38Z,urn:catalog:otn:DFO-BIO:HFX:HFX011-VR3-00332-5,,POINT(-63.46863 44.42003),EPSG:4326,86.0,2016-12-05,,
44.41458,-63.46218,2012-11-11T13:34:48Z/2016-02-22T16:54:44Z,urn:catalog:otn:DFO-BIO:HFX:HFX012-VR3-00331-4,,POINT(-63.46218 44.41458),EPSG:4326,91.0,2016-12-05,,
44.40863,-63.45589,2012-11-11T13:48:27Z/2016-02-22T17:02:56Z,urn:catalog:otn:DFO-BIO:HFX:HFX013-VR3-00349-4,,POINT(-63.45589 44.40863),EPSG:4326,101.0,2016-12-05,,
44.14512,-63.16604,2014-12-12T04:30:13Z/2016-04-23T14:19:07Z,urn:catalog:otn:DFO-BIO:HFX:HFX059-VR3-308-4,,POINT(-63.16604 44.14512),EPSG:4326,150.0,2016-12-05,,
44.20579,-63.23096,2015-04-20T17:38:59Z/2016-04-22T19:27:00Z,urn:catalog:otn:DFO-BIO:HFX:HFX048-VR4-250215-5,,POINT(-63.23096 44.20579),EPSG:4326,165.0,2016-12-05,,
44.08662,-63.10277,2015-04-20T19:53:53Z/2016-04-22T17:38:00Z,urn:catalog:otn:DFO-BIO:HFX:HFX069-VR4-250162-5,,POINT(-63.10277 44.08662),EPSG:4326,160.0,2016-12-05,,
42.88042,-63.49993,2012-05-24T09:49:26Z/2016-09-16T13:46:13Z,urn:catalog:otn:OTN:HFX:HFX250-VR4-250334-1,,POINT(-63.49993 42.88042),EPSG:4326,172.0,2016-12-05,,
44.46106,-63.514,,urn:catalog:otn:OTN:HFX:HFX004-250344-5,"AR pings 3X for enable, VR4 tilt at 139 degrees.  Could not offload",POINT(-63.514 44.46106),EPSG:4326,76.0,2018-01-25,,
44.00545,-59.74331,2013-07-26T13:03:12Z/2013-11-06T15:10:00Z,urn:catalog:otn:DAL:SIA:SIA004-VR2W-100928-1,,POINT(-59.74331 44.00545),EPSG:4326,26.0,2014-07-21,,
44.1965,-63.1916,2014-09-26 00:00:00,urn:catalog:otn:DAL:NSBS:NSBS-110448:20140926120000,Excellent condition,POINT(-63.1916 44.1965),EPSG:4326,,2015-11-26,urn:catalog:otn:DAL:NSBS:NSBS-110448-release,
44.2314,-63.1595,2014-09-26 00:00:00,urn:catalog:otn:DAL:NSBS:NSBS-110451:20140926120000,Excellent condition,POINT(-63.1595 44.2314),EPSG:4326,,2015-11-26,urn:catalog:otn:DAL:NSBS:NSBS-110451-release,
44.20622,-63.21124,2016-09-19 00:00:00,urn:catalog:otn:DAL:NSBS:NSBS-1248824:20160919120000,tag # one higher on VR100,POINT(-63.21124 44.20622),EPSG:4326,,2017-02-21,urn:catalog:otn:DAL:NSBS:NSBS-1248824-release,
44.22156,-63.1978,2016-07-18 00:00:00,urn:catalog:otn:DAL:NSBS:NSBS-1248830:20160718120000,11272 on VR 100,POINT(-63.1978 44.22156),EPSG:4326,,2017-02-21,urn:catalog:otn:DAL:NSBS:NSBS-1248830-release,
44.2047,-63.2261,2016-08-29 00:00:00,urn:catalog:otn:DAL:NSBS:NSBS-1248832:20160829120000,,POINT(-63.2261 44.2047),EPSG:4326,,2017-02-21,urn:catalog:otn:DAL:NSBS:NSBS-1248832-release,
44.19798,-63.20588,2016-09-19 00:00:00,urn:catalog:otn:DAL:NSBS:NSBS-1248833:20160919120000,damaged dorsal fin,POINT(-63.20588 44.19798),EPSG:4326,,2017-02-21,urn:catalog:otn:DAL:NSBS:NSBS-1248833-release,
44.25894,-62.59801,2015-07-17 00:00:00,urn:catalog:otn:DAL:NSBS:NSBS-ALI:20150717120000,eye damage,POINT(-62.59801 44.25894),EPSG:4326,,2015-11-26,urn:catalog:otn:DAL:NSBS:NSBS-ALI-release,
44.20133,-63.21326,2015-08-16 00:00:00,urn:catalog:otn:DAL:NSBS:NSBS-ALICE:20150816120000,"upper lobe caudal missing, mating scars",POINT(-63.21326 44.20133),EPSG:4326,,2015-11-26,urn:catalog:otn:DAL:NSBS:NSBS-ALICE-release,
44.22511,-63.18984,2014-08-28 00:00:00,urn:catalog:otn:DAL:NSBS:NSBS-Alison:20140828120000,Named after Chris harvey's ex-wife,POINT(-63.18984 44.22511),EPSG:4326,,2014-10-14,urn:catalog:otn:DAL:NSBS:NSBS-Alison-release,
44.21659,-63.23805,2013-07-31 00:00:00,urn:catalog:otn:DAL:NSBS:NSBS-Alyssa:20130731120000,,POINT(-63.23805 44.21659),EPSG:4326,,2013-09-17,urn:catalog:otn:DAL:NSBS:NSBS-Alyssa-release,
44.21721,-63.20468,2014-08-23 00:00:00,urn:catalog:otn:DAL:NSBS:NSBS-Betty:20140823120000,Bleeding when hook removed; student forgot to take fin clip,POINT(-63.20468 44.21721),EPSG:4326,,2014-10-14,urn:catalog:otn:DAL:NSBS:NSBS-Betty-release,
44.21061,-63.21628,2014-08-23 00:00:00,urn:catalog:otn:DAL:NSBS:NSBS-Big Momma:20140823120000,Large juvenile female in good condition,POINT(-63.21628 44.21061),EPSG:4326,,2014-10-14,urn:catalog:otn:DAL:NSBS:NSBS-Big Momma-release,
44.17669,-63.23979,2013-08-01 00:00:00,urn:catalog:otn:DAL:NSBS:NSBS-Blueberry:20130801120000,Missing chunk of first dorsal,POINT(-63.23979 44.17669),EPSG:4326,,2013-09-17,urn:catalog:otn:DAL:NSBS:NSBS-Blueberry-release,
44.21,-63.20071,2014-08-28 00:00:00,urn:catalog:otn:DAL:NSBS:NSBS-Blue Rodeo (Rick Mercer):20140828120000,Great Condition,POINT(-63.20071 44.21),EPSG:4326,,2014-10-14,urn:catalog:otn:DAL:NSBS:NSBS-Blue Rodeo (Rick Mercer)-release,
44.21355,-63.21137,2014-08-23 00:00:00,urn:catalog:otn:DAL:NSBS:NSBS-Bonkers:20140823120000,Caught in fins,POINT(-63.21137 44.21355),EPSG:4326,,2014-10-14,urn:catalog:otn:DAL:NSBS:NSBS-Bonkers-release,
44.20226,-63.24866,2013-08-02 00:00:00,urn:catalog:otn:DAL:NSBS:NSBS-Brandy:20130802120000,,POINT(-63.24866 44.20226),EPSG:4326,,2013-09-17,urn:catalog:otn:DAL:NSBS:NSBS-Brandy-release,
44.22905,-63.17156,2014-08-28 00:00:00,urn:catalog:otn:DAL:NSBS:NSBS-Brendal:20140828120000,Parasites; hit vein; and  was lifted from the water without hook caught,POINT(-63.17156 44.22905),EPSG:4326,,2014-10-14,urn:catalog:otn:DAL:NSBS:NSBS-Brendal-release,
44.21387,-63.24617,2013-07-31 00:00:00,urn:catalog:otn:DAL:NSBS:NSBS-Brianna:20130731120000,Abrasion on the nose,POINT(-63.24617 44.21387),EPSG:4326,,2013-09-17,urn:catalog:otn:DAL:NSBS:NSBS-Brianna-release,
44.22631,-63.18673,2014-08-28 00:00:00,urn:catalog:otn:DAL:NSBS:NSBS-Calypso:20140828120000,Great Condition,POINT(-63.18673 44.22631),EPSG:4326,,2014-10-14,urn:catalog:otn:DAL:NSBS:NSBS-Calypso-release,
44.25942,-62.59941,2015-07-17 00:00:00,urn:catalog:otn:DAL:NSBS:NSBS-CAROLINA:20150717120000,growth on back,POINT(-62.59941 44.25942),EPSG:4326,,2015-11-26,urn:catalog:otn:DAL:NSBS:NSBS-CAROLINA-release,
44.20827,-63.21504,2014-08-25 00:00:00,urn:catalog:otn:DAL:NSBS:NSBS-Casey:20140825120000,No notes,POINT(-63.21504 44.20827),EPSG:4326,,2014-10-14,urn:catalog:otn:DAL:NSBS:NSBS-Casey-release,
44.21995,-63.18294,2015-07-14 00:00:00,urn:catalog:otn:DAL:NSBS:NSBS-ELVIRE:20150714120000,ventral cut,POINT(-63.18294 44.21995),EPSG:4326,,2015-11-26,urn:catalog:otn:DAL:NSBS:NSBS-ELVIRE-release,
44.209163,-63.27934,2013-07-13 00:00:00,urn:catalog:otn:DAL:NSBS:NSBS-Eva:20130713120000,Practice shark tagging (1/4),POINT(-63.27934 44.209163),EPSG:4326,,2013-09-17,urn:catalog:otn:DAL:NSBS:NSBS-Eva-release,
44.18141,-63.22412,2013-08-01 00:00:00,urn:catalog:otn:DAL:NSBS:NSBS-Finnigan:20130801120000,This shark has already pingged twice,POINT(-63.22412 44.18141),EPSG:4326,,2013-09-17,urn:catalog:otn:DAL:NSBS:NSBS-Finnigan-release,
44.2051,-63.22421,2014-08-25 00:00:00,urn:catalog:otn:DAL:NSBS:NSBS-Finnigan-14:20140825120000,Very small female,POINT(-63.22421 44.2051),EPSG:4326,,2014-10-14,urn:catalog:otn:DAL:NSBS:NSBS-Finnigan-14-release,
44.20586,-63.20376,2015-08-16 00:00:00,urn:catalog:otn:DAL:NSBS:NSBS-GRIFFIN:20150816120000,"VR100 coming up with number higher than tag number, wound on tail (possibly line)",POINT(-63.20376 44.20586),EPSG:4326,,2015-11-26,urn:catalog:otn:DAL:NSBS:NSBS-GRIFFIN-release,
44.18111,-63.22008,2013-08-01 00:00:00,urn:catalog:otn:DAL:NSBS:NSBS-Hayley:20130801120000,,POINT(-63.22008 44.18111),EPSG:4326,,2013-09-17,urn:catalog:otn:DAL:NSBS:NSBS-Hayley-release,
44.22207,-63.20322,2014-08-25 00:00:00,urn:catalog:otn:DAL:NSBS:NSBS-Helga:20140825120000,Hooked in right side of jaw,POINT(-63.20322 44.22207),EPSG:4326,,2014-10-14,urn:catalog:otn:DAL:NSBS:NSBS-Helga-release,
44.2144,-63.2022,2014-08-28 00:00:00,urn:catalog:otn:DAL:NSBS:NSBS-Hey Jude:20140828120000,Hook lodged in vein in mouth,POINT(-63.2022 44.2144),EPSG:4326,,2014-10-14,urn:catalog:otn:DAL:NSBS:NSBS-Hey Jude-release,
44.21264,-63.20846,2014-08-25 00:00:00,urn:catalog:otn:DAL:NSBS:NSBS-Hooker:20140825120000,"Scars, cuts, and hook in mouth",POINT(-63.20846 44.21264),EPSG:4326,,2014-10-14,urn:catalog:otn:DAL:NSBS:NSBS-Hooker-release,
44.1782,-63.2484,2017-07-22 17:30:00,urn:catalog:otn:DAL:NSBS:NSBS-Hops:20170722053000,Sea lice,POINT(-63.2484 44.1782),EPSG:4326,,2017-08-04,urn:catalog:otn:DAL:NSBS:NSBS-Hops-release,
44.20236,-63.20353,2015-08-16 00:00:00,urn:catalog:otn:DAL:NSBS:NSBS-HUGH:20150816120000,scars on right pectroal and tail,POINT(-63.20353 44.20236),EPSG:4326,,2015-11-26,urn:catalog:otn:DAL:NSBS:NSBS-HUGH-release,
44.22348,-63.24687,2013-07-31 00:00:00,urn:catalog:otn:DAL:NSBS:NSBS-Janina:20130731120000,,POINT(-63.24687 44.22348),EPSG:4326,,2013-09-17,urn:catalog:otn:DAL:NSBS:NSBS-Janina-release,
44.21566,-63.20911,2014-08-23 00:00:00,urn:catalog:otn:DAL:NSBS:NSBS-Katelyn:20140823120000,Longline hook found in mouth,POINT(-63.20911 44.21566),EPSG:4326,,2014-10-14,urn:catalog:otn:DAL:NSBS:NSBS-Katelyn-release,
44.19939,-63.24085,2014-08-23 00:00:00,urn:catalog:otn:DAL:NSBS:NSBS-Keesh:20140823120000,No notes,POINT(-63.24085 44.19939),EPSG:4326,,2014-10-14,urn:catalog:otn:DAL:NSBS:NSBS-Keesh-release,
44.20681,-63.20366,2015-08-16 00:00:00,urn:catalog:otn:DAL:NSBS:NSBS-KRISTINA:20150816120000,,POINT(-63.20366 44.20681),EPSG:4326,,2015-11-26,urn:catalog:otn:DAL:NSBS:NSBS-KRISTINA-release,
44.18082,-63.22768,2013-08-01 00:00:00,urn:catalog:otn:DAL:NSBS:NSBS-Leia:20130801120000,,POINT(-63.22768 44.18082),EPSG:4326,,2013-09-17,urn:catalog:otn:DAL:NSBS:NSBS-Leia-release,
44.20176,-63.20657,2015-08-16 00:00:00,urn:catalog:otn:DAL:NSBS:NSBS-LILY:20150816120000,mating scars,POINT(-63.20657 44.20176),EPSG:4326,,2015-11-26,urn:catalog:otn:DAL:NSBS:NSBS-LILY-release,
44.201745,-63.219623,2013-07-23 00:00:00,urn:catalog:otn:DAL:NSBS:NSBS-Lola:20130723120000,Practice shark tagging (4/4),POINT(-63.219623 44.201745),EPSG:4326,,2013-09-17,urn:catalog:otn:DAL:NSBS:NSBS-Lola-release,
44.25905,-62.5947,2015-07-17 00:00:00,urn:catalog:otn:DAL:NSBS:NSBS-LORENZA:20150717120000,,POINT(-62.5947 44.25905),EPSG:4326,,2015-11-26,urn:catalog:otn:DAL:NSBS:NSBS-LORENZA-release,
44.17844,-63.23646,2013-08-01 00:00:00,urn:catalog:otn:DAL:NSBS:NSBS-Lucy:20130801120000,,POINT(-63.23646 44.17844),EPSG:4326,,2013-09-17,urn:catalog:otn:DAL:NSBS:NSBS-Lucy-release,
44.21009,-63.21849,2014-08-23 00:00:00,urn:catalog:otn:DAL:NSBS:NSBS-Lucy-14:20140823120000,Caught in great condition,POINT(-63.21849 44.21009),EPSG:4326,,2014-10-14,urn:catalog:otn:DAL:NSBS:NSBS-Lucy-14-release,
44.20157,-63.21005,2015-08-16 00:00:00,urn:catalog:otn:DAL:NSBS:NSBS-MATTEA:20150816120000,,POINT(-63.21005 44.20157),EPSG:4326,,2015-11-26,urn:catalog:otn:DAL:NSBS:NSBS-MATTEA-release,
44.20345,-63.25824,2013-08-02 00:00:00,urn:catalog:otn:DAL:NSBS:NSBS-Meeko:20130802120000,,POINT(-63.25824 44.20345),EPSG:4326,,2013-09-17,urn:catalog:otn:DAL:NSBS:NSBS-Meeko-release,
44.21995,-63.18294,2015-07-14 00:00:00,urn:catalog:otn:DAL:NSBS:NSBS-MOFFAT:20150714120000,,POINT(-63.18294 44.21995),EPSG:4326,,2015-11-26,urn:catalog:otn:DAL:NSBS:NSBS-MOFFAT-release,
44.20837,-63.20585,2015-07-15 00:00:00,urn:catalog:otn:DAL:NSBS:NSBS-NAKIA:20150715120000,2 copepods on tail,POINT(-63.20585 44.20837),EPSG:4326,,2015-11-26,urn:catalog:otn:DAL:NSBS:NSBS-NAKIA-release,
44.25905,-62.5943,2015-07-17 00:00:00,urn:catalog:otn:DAL:NSBS:NSBS-NICOLE:20150717120000,"VR100 coming up with number higher than tag number, lacerations",POINT(-62.5943 44.25905),EPSG:4326,,2015-11-26,urn:catalog:otn:DAL:NSBS:NSBS-NICOLE-release,
44.31164,-63.20907,2014-08-25 00:00:00,urn:catalog:otn:DAL:NSBS:NSBS-Nikki:20140825120000,No notes,POINT(-63.20907 44.31164),EPSG:4326,,2014-10-14,urn:catalog:otn:DAL:NSBS:NSBS-Nikki-release,
44.20432,-63.2672,2013-08-02 00:00:00,urn:catalog:otn:DAL:NSBS:NSBS-Ophelia:20130802120000,,POINT(-63.2672 44.20432),EPSG:4326,,2013-09-17,urn:catalog:otn:DAL:NSBS:NSBS-Ophelia-release,
44.20216,-63.24593,2013-08-02 00:00:00,urn:catalog:otn:DAL:NSBS:NSBS-Percy:20130802120000,,POINT(-63.24593 44.20216),EPSG:4326,,2013-09-17,urn:catalog:otn:DAL:NSBS:NSBS-Percy-release,
44.26362,-63.00764,2015-07-17 00:00:00,urn:catalog:otn:DAL:NSBS:NSBS-PEYTON:20150717120000,"wrapped, bleeding",POINT(-63.00764 44.26362),EPSG:4326,,2015-11-26,urn:catalog:otn:DAL:NSBS:NSBS-PEYTON-release,
44.21458,-63.23736,2013-07-13 00:00:00,urn:catalog:otn:DAL:NSBS:NSBS-Riley:20130713120000,Practice shark tagging (2/4),POINT(-63.23736 44.21458),EPSG:4326,,2013-09-17,urn:catalog:otn:DAL:NSBS:NSBS-Riley-release,
44.2276,-63.17982,2014-08-28 00:00:00,urn:catalog:otn:DAL:NSBS:NSBS-Salty Dog:20140828120000,Great Condition,POINT(-63.17982 44.2276),EPSG:4326,,2014-10-14,urn:catalog:otn:DAL:NSBS:NSBS-Salty Dog-release,
44.25905,-62.5947,2015-07-17 00:00:00,urn:catalog:otn:DAL:NSBS:NSBS-SARAH:20150717120000,bleeding,POINT(-62.5947 44.25905),EPSG:4326,,2015-11-26,urn:catalog:otn:DAL:NSBS:NSBS-SARAH-release,
44.21658,-63.23802,2013-07-31 00:00:00,urn:catalog:otn:DAL:NSBS:NSBS-Skylar:20130731120000,,POINT(-63.23802 44.21658),EPSG:4326,,2013-09-17,urn:catalog:otn:DAL:NSBS:NSBS-Skylar-release,
44.21245,-63.227145,2013-07-23 00:00:00,urn:catalog:otn:DAL:NSBS:NSBS-Sophie:20130723120000,Practice shark tagging(3/4),POINT(-63.227145 44.21245),EPSG:4326,,2013-09-17,urn:catalog:otn:DAL:NSBS:NSBS-Sophie-release,
44.1744,-63.2535,2017-07-22 15:00:00,urn:catalog:otn:DAL:NSBS:NSBS-Spruce:20170722030000,Sea lice,POINT(-63.2535 44.1744),EPSG:4326,,2017-08-04,urn:catalog:otn:DAL:NSBS:NSBS-Spruce-release,
44.2179,-63.1989,2014-08-28 00:00:00,urn:catalog:otn:DAL:NSBS:NSBS-Suzy Q:20140828120000,"Great condition, but hook was lodged in throat",POINT(-63.1989 44.2179),EPSG:4326,,2014-10-14,urn:catalog:otn:DAL:NSBS:NSBS-Suzy Q-release,
44.21995,-63.18294,2015-07-14 00:00:00,urn:catalog:otn:DAL:NSBS:NSBS-SWAANTJE:20150714120000,,POINT(-63.18294 44.21995),EPSG:4326,,2015-11-26,urn:catalog:otn:DAL:NSBS:NSBS-SWAANTJE-release,
44.19939,-63.2472,2014-08-23 00:00:00,urn:catalog:otn:DAL:NSBS:NSBS-Tail Slap:20140823120000,No notes,POINT(-63.2472 44.19939),EPSG:4326,,2014-10-14,urn:catalog:otn:DAL:NSBS:NSBS-Tail Slap-release,
44.20386,-63.24852,2013-07-31 00:00:00,urn:catalog:otn:DAL:NSBS:NSBS-Tika:20130731120000,"Hook cut off, but remained in tongue",POINT(-63.24852 44.20386),EPSG:4326,,2013-09-17,urn:catalog:otn:DAL:NSBS:NSBS-Tika-release,
44.25894,-62.59801,2015-07-17 00:00:00,urn:catalog:otn:DAL:NSBS:NSBS-TINI:20150717120000,VR100 coming up with number higher than tag number,POINT(-62.59801 44.25894),EPSG:4326,,2015-11-26,urn:catalog:otn:DAL:NSBS:NSBS-TINI-release,
44.22003,-63.20159,2014-08-25 00:00:00,urn:catalog:otn:DAL:NSBS:NSBS-Tiny Turner:20140825120000,"Bleeding, top right hooked jaw",POINT(-63.20159 44.22003),EPSG:4326,,2014-10-14,urn:catalog:otn:DAL:NSBS:NSBS-Tiny Turner-release,
44.20287,-63.2047,2015-08-16 00:00:00,urn:catalog:otn:DAL:NSBS:NSBS-TRACEY:20150816120000,VR100 coming up with number higher than tag number,POINT(-63.2047 44.20287),EPSG:4326,,2015-11-26,urn:catalog:otn:DAL:NSBS:NSBS-TRACEY-release,
44.17254,-63.23924,2013-07-31 00:00:00,urn:catalog:otn:DAL:NSBS:NSBS-Wryley:20130731120000,,POINT(-63.23924 44.17254),EPSG:4326,,2013-09-17,urn:catalog:otn:DAL:NSBS:NSBS-Wryley-release,
44.20221,-63.23848,2013-08-02 00:00:00,urn:catalog:otn:DAL:NSBS:NSBS-Xena:20130802120000,,POINT(-63.23848 44.20221),EPSG:4326,,2013-09-17,urn:catalog:otn:DAL:NSBS:NSBS-Xena-release,
44.22511,-63.18984,2014-08-28 00:00:00,urn:catalog:otn:DAL:NSBS:NSBS-Alison:20140828120000:Transmitter,Named after Chris harvey's ex-wife,POINT(-63.18984 44.22511),EPSG:4326,,2014-10-14,urn:catalog:otn:DAL:NSBS:NSBS-Alison-release,urn:catalog:otn:DAL:NSBS:NSBS-Alison:20140828120000
44.21659,-63.23805,2013-07-31 00:00:00,urn:catalog:otn:DAL:NSBS:NSBS-Alyssa:20130731120000:Transmitter,,POINT(-63.23805 44.21659),EPSG:4326,,2013-09-17,urn:catalog:otn:DAL:NSBS:NSBS-Alyssa-release,urn:catalog:otn:DAL:NSBS:NSBS-Alyssa:20130731120000
44.21721,-63.20468,2014-08-23 00:00:00,urn:catalog:otn:DAL:NSBS:NSBS-Betty:20140823120000:Transmitter,Bleeding when hook removed; student forgot to take fin clip,POINT(-63.20468 44.21721),EPSG:4326,,2014-10-14,urn:catalog:otn:DAL:NSBS:NSBS-Betty-release,urn:catalog:otn:DAL:NSBS:NSBS-Betty:20140823120000
44.21061,-63.21628,2014-08-23 00:00:00,urn:catalog:otn:DAL:NSBS:NSBS-Big Momma:20140823120000:Transmitter,Large juvenile female in good condition,POINT(-63.21628 44.21061),EPSG:4326,,2014-10-14,urn:catalog:otn:DAL:NSBS:NSBS-Big Momma-release,urn:catalog:otn:DAL:NSBS:NSBS-Big Momma:20140823120000
44.17669,-63.23979,2013-08-01 00:00:00,urn:catalog:otn:DAL:NSBS:NSBS-Blueberry:20130801120000:Transmitter,Missing chunk of first dorsal,POINT(-63.23979 44.17669),EPSG:4326,,2013-09-17,urn:catalog:otn:DAL:NSBS:NSBS-Blueberry-release,urn:catalog:otn:DAL:NSBS:NSBS-Blueberry:20130801120000
44.21,-63.20071,2014-08-28 00:00:00,urn:catalog:otn:DAL:NSBS:NSBS-Blue Rodeo (Rick Mercer):20140828120000:Transmitter,Great Condition,POINT(-63.20071 44.21),EPSG:4326,,2014-10-14,urn:catalog:otn:DAL:NSBS:NSBS-Blue Rodeo (Rick Mercer)-release,urn:catalog:otn:DAL:NSBS:NSBS-Blue Rodeo (Rick Mercer):20140828120000
44.21355,-63.21137,2014-08-23 00:00:00,urn:catalog:otn:DAL:NSBS:NSBS-Bonkers:20140823120000:Transmitter,Caught in fins,POINT(-63.21137 44.21355),EPSG:4326,,2014-10-14,urn:catalog:otn:DAL:NSBS:NSBS-Bonkers-release,urn:catalog:otn:DAL:NSBS:NSBS-Bonkers:20140823120000
44.20226,-63.24866,2013-08-02 00:00:00,urn:catalog:otn:DAL:NSBS:NSBS-Brandy:20130802120000:Transmitter,,POINT(-63.24866 44.20226),EPSG:4326,,2013-09-17,urn:catalog:otn:DAL:NSBS:NSBS-Brandy-release,urn:catalog:otn:DAL:NSBS:NSBS-Brandy:20130802120000
44.22905,-63.17156,2014-08-28 00:00:00,urn:catalog:otn:DAL:NSBS:NSBS-Brendal:20140828120000:Transmitter,Parasites; hit vein; and  was lifted from the water without hook caught,POINT(-63.17156 44.22905),EPSG:4326,,2014-10-14,urn:catalog:otn:DAL:NSBS:NSBS-Brendal-release,urn:catalog:otn:DAL:NSBS:NSBS-Brendal:20140828120000
44.21387,-63.24617,2013-07-31 00:00:00,urn:catalog:otn:DAL:NSBS:NSBS-Brianna:20130731120000:Transmitter,Abrasion on the nose,POINT(-63.24617 44.21387),EPSG:4326,,2013-09-17,urn:catalog:otn:DAL:NSBS:NSBS-Brianna-release,urn:catalog:otn:DAL:NSBS:NSBS-Brianna:20130731120000
44.22631,-63.18673,2014-08-28 00:00:00,urn:catalog:otn:DAL:NSBS:NSBS-Calypso:20140828120000:Transmitter,Great Condition,POINT(-63.18673 44.22631),EPSG:4326,,2014-10-14,urn:catalog:otn:DAL:NSBS:NSBS-Calypso-release,urn:catalog:otn:DAL:NSBS:NSBS-Calypso:20140828120000
44.20827,-63.21504,2014-08-25 00:00:00,urn:catalog:otn:DAL:NSBS:NSBS-Casey:20140825120000:Transmitter,No notes,POINT(-63.21504 44.20827),EPSG:4326,,2014-10-14,urn:catalog:otn:DAL:NSBS:NSBS-Casey-release,urn:catalog:otn:DAL:NSBS:NSBS-Casey:20140825120000
44.209163,-63.27934,2013-07-13 00:00:00,urn:catalog:otn:DAL:NSBS:NSBS-Eva:20130713120000:Transmitter,Practice shark tagging (1/4),POINT(-63.27934 44.209163),EPSG:4326,,2013-09-17,urn:catalog:otn:DAL:NSBS:NSBS-Eva-release,urn:catalog:otn:DAL:NSBS:NSBS-Eva:20130713120000
44.18141,-63.22412,2013-08-01 00:00:00,urn:catalog:otn:DAL:NSBS:NSBS-Finnigan:20130801120000:Transmitter,This shark has already pingged twice,POINT(-63.22412 44.18141),EPSG:4326,,2013-09-17,urn:catalog:otn:DAL:NSBS:NSBS-Finnigan-release,urn:catalog:otn:DAL:NSBS:NSBS-Finnigan:20130801120000
44.2051,-63.22421,2014-08-25 00:00:00,urn:catalog:otn:DAL:NSBS:NSBS-Finnigan-14:20140825120000:Transmitter,Very small female,POINT(-63.22421 44.2051),EPSG:4326,,2014-10-14,urn:catalog:otn:DAL:NSBS:NSBS-Finnigan-14-release,urn:catalog:otn:DAL:NSBS:NSBS-Finnigan-14:20140825120000
44.18111,-63.22008,2013-08-01 00:00:00,urn:catalog:otn:DAL:NSBS:NSBS-Hayley:20130801120000:Transmitter,,POINT(-63.22008 44.18111),EPSG:4326,,2013-09-17,urn:catalog:otn:DAL:NSBS:NSBS-Hayley-release,urn:catalog:otn:DAL:NSBS:NSBS-Hayley:20130801120000
44.22207,-63.20322,2014-08-25 00:00:00,urn:catalog:otn:DAL:NSBS:NSBS-Helga:20140825120000:Transmitter,Hooked in right side of jaw,POINT(-63.20322 44.22207),EPSG:4326,,2014-10-14,urn:catalog:otn:DAL:NSBS:NSBS-Helga-release,urn:catalog:otn:DAL:NSBS:NSBS-Helga:20140825120000
44.2144,-63.2022,2014-08-28 00:00:00,urn:catalog:otn:DAL:NSBS:NSBS-Hey Jude:20140828120000:Transmitter,Hook lodged in vein in mouth,POINT(-63.2022 44.2144),EPSG:4326,,2014-10-14,urn:catalog:otn:DAL:NSBS:NSBS-Hey Jude-release,urn:catalog:otn:DAL:NSBS:NSBS-Hey Jude:20140828120000
44.21264,-63.20846,2014-08-25 00:00:00,urn:catalog:otn:DAL:NSBS:NSBS-Hooker:20140825120000:Transmitter,"Scars, cuts, and hook in mouth",POINT(-63.20846 44.21264),EPSG:4326,,2014-10-14,urn:catalog:otn:DAL:NSBS:NSBS-Hooker-release,urn:catalog:otn:DAL:NSBS:NSBS-Hooker:20140825120000
44.22348,-63.24687,2013-07-31 00:00:00,urn:catalog:otn:DAL:NSBS:NSBS-Janina:20130731120000:Transmitter,,POINT(-63.24687 44.22348),EPSG:4326,,2013-09-17,urn:catalog:otn:DAL:NSBS:NSBS-Janina-release,urn:catalog:otn:DAL:NSBS:NSBS-Janina:20130731120000
44.21566,-63.20911,2014-08-23 00:00:00,urn:catalog:otn:DAL:NSBS:NSBS-Katelyn:20140823120000:Transmitter,Longline hook found in mouth,POINT(-63.20911 44.21566),EPSG:4326,,2014-10-14,urn:catalog:otn:DAL:NSBS:NSBS-Katelyn-release,urn:catalog:otn:DAL:NSBS:NSBS-Katelyn:20140823120000
44.19939,-63.24085,2014-08-23 00:00:00,urn:catalog:otn:DAL:NSBS:NSBS-Keesh:20140823120000:Transmitter,No notes,POINT(-63.24085 44.19939),EPSG:4326,,2014-10-14,urn:catalog:otn:DAL:NSBS:NSBS-Keesh-release,urn:catalog:otn:DAL:NSBS:NSBS-Keesh:20140823120000
44.18082,-63.22768,2013-08-01 00:00:00,urn:catalog:otn:DAL:NSBS:NSBS-Leia:20130801120000:Transmitter,,POINT(-63.22768 44.18082),EPSG:4326,,2013-09-17,urn:catalog:otn:DAL:NSBS:NSBS-Leia-release,urn:catalog:otn:DAL:NSBS:NSBS-Leia:20130801120000
44.201745,-63.219623,2013-07-23 00:00:00,urn:catalog:otn:DAL:NSBS:NSBS-Lola:20130723120000:Transmitter,Practice shark tagging (4/4),POINT(-63.219623 44.201745),EPSG:4326,,2013-09-17,urn:catalog:otn:DAL:NSBS:NSBS-Lola-release,urn:catalog:otn:DAL:NSBS:NSBS-Lola:20130723120000
44.17844,-63.23646,2013-08-01 00:00:00,urn:catalog:otn:DAL:NSBS:NSBS-Lucy:20130801120000:Transmitter,,POINT(-63.23646 44.17844),EPSG:4326,,2013-09-17,urn:catalog:otn:DAL:NSBS:NSBS-Lucy-release,urn:catalog:otn:DAL:NSBS:NSBS-Lucy:20130801120000
44.21009,-63.21849,2014-08-23 00:00:00,urn:catalog:otn:DAL:NSBS:NSBS-Lucy-14:20140823120000:Transmitter,Caught in great condition,POINT(-63.21849 44.21009),EPSG:4326,,2014-10-14,urn:catalog:otn:DAL:NSBS:NSBS-Lucy-14-release,urn:catalog:otn:DAL:NSBS:NSBS-Lucy-14:20140823120000
44.20345,-63.25824,2013-08-02 00:00:00,urn:catalog:otn:DAL:NSBS:NSBS-Meeko:20130802120000:Transmitter,,POINT(-63.25824 44.20345),EPSG:4326,,2013-09-17,urn:catalog:otn:DAL:NSBS:NSBS-Meeko-release,urn:catalog:otn:DAL:NSBS:NSBS-Meeko:20130802120000
44.31164,-63.20907,2014-08-25 00:00:00,urn:catalog:otn:DAL:NSBS:NSBS-Nikki:20140825120000:Transmitter,No notes,POINT(-63.20907 44.31164),EPSG:4326,,2014-10-14,urn:catalog:otn:DAL:NSBS:NSBS-Nikki-release,urn:catalog:otn:DAL:NSBS:NSBS-Nikki:20140825120000
44.20432,-63.2672,2013-08-02 00:00:00,urn:catalog:otn:DAL:NSBS:NSBS-Ophelia:20130802120000:Transmitter,,POINT(-63.2672 44.20432),EPSG:4326,,2013-09-17,urn:catalog:otn:DAL:NSBS:NSBS-Ophelia-release,urn:catalog:otn:DAL:NSBS:NSBS-Ophelia:20130802120000
44.20216,-63.24593,2013-08-02 00:00:00,urn:catalog:otn:DAL:NSBS:NSBS-Percy:20130802120000:Transmitter,,POINT(-63.24593 44.20216),EPSG:4326,,2013-09-17,urn:catalog:otn:DAL:NSBS:NSBS-Percy-release,urn:catalog:otn:DAL:NSBS:NSBS-Percy:20130802120000
44.21458,-63.23736,2013-07-13 00:00:00,urn:catalog:otn:DAL:NSBS:NSBS-Riley:20130713120000:Transmitter,Practice shark tagging (2/4),POINT(-63.23736 44.21458),EPSG:4326,,2013-09-17,urn:catalog:otn:DAL:NSBS:NSBS-Riley-release,urn:catalog:otn:DAL:NSBS:NSBS-Riley:20130713120000
44.2276,-63.17982,2014-08-28 00:00:00,urn:catalog:otn:DAL:NSBS:NSBS-Salty Dog:20140828120000:Transmitter,Great Condition,POINT(-63.17982 44.2276),EPSG:4326,,2014-10-14,urn:catalog:otn:DAL:NSBS:NSBS-Salty Dog-release,urn:catalog:otn:DAL:NSBS:NSBS-Salty Dog:20140828120000
44.21658,-63.23802,2013-07-31 00:00:00,urn:catalog:otn:DAL:NSBS:NSBS-Skylar:20130731120000:Transmitter,,POINT(-63.23802 44.21658),EPSG:4326,,2013-09-17,urn:catalog:otn:DAL:NSBS:NSBS-Skylar-release,urn:catalog:otn:DAL:NSBS:NSBS-Skylar:20130731120000
44.21245,-63.227145,2013-07-23 00:00:00,urn:catalog:otn:DAL:NSBS:NSBS-Sophie:20130723120000:Transmitter,Practice shark tagging(3/4),POINT(-63.227145 44.21245),EPSG:4326,,2013-09-17,urn:catalog:otn:DAL:NSBS:NSBS-Sophie-release,urn:catalog:otn:DAL:NSBS:NSBS-Sophie:20130723120000
44.2179,-63.1989,2014-08-28 00:00:00,urn:catalog:otn:DAL:NSBS:NSBS-Suzy Q:20140828120000:Transmitter,"Great condition, but hook was lodged in throat",POINT(-63.1989 44.2179),EPSG:4326,,2014-10-14,urn:catalog:otn:DAL:NSBS:NSBS-Suzy Q-release,urn:catalog:otn:DAL:NSBS:NSBS-Suzy Q:20140828120000
44.19939,-63.2472,2014-08-23 00:00:00,urn:catalog:otn:DAL:NSBS:NSBS-Tail Slap:20140823120000:Transmitter,No notes,POINT(-63.2472 44.19939),EPSG:4326,,2014-10-14,urn:catalog:otn:DAL:NSBS:NSBS-Tail Slap-release,urn:catalog:otn:DAL:NSBS:NSBS-Tail Slap:20140823120000
44.20386,-63.24852,2013-07-31 00:00:00,urn:catalog:otn:DAL:NSBS:NSBS-Tika:20130731120000:Transmitter,"Hook cut off, but remained in tongue",POINT(-63.24852 44.20386),EPSG:4326,,2013-09-17,urn:catalog:otn:DAL:NSBS:NSBS-Tika-release,urn:catalog:otn:DAL:NSBS:NSBS-Tika:20130731120000
44.22003,-63.20159,2014-08-25 00:00:00,urn:catalog:otn:DAL:NSBS:NSBS-Tiny Turner:20140825120000:Transmitter,"Bleeding, top right hooked jaw",POINT(-63.20159 44.22003),EPSG:4326,,2014-10-14,urn:catalog:otn:DAL:NSBS:NSBS-Tiny Turner-release,urn:catalog:otn:DAL:NSBS:NSBS-Tiny Turner:20140825120000
44.17254,-63.23924,2013-07-31 00:00:00,urn:catalog:otn:DAL:NSBS:NSBS-Wryley:20130731120000:Transmitter,,POINT(-63.23924 44.17254),EPSG:4326,,2013-09-17,urn:catalog:otn:DAL:NSBS:NSBS-Wryley-release,urn:catalog:otn:DAL:NSBS:NSBS-Wryley:20130731120000
44.20221,-63.23848,2013-08-02 00:00:00,urn:catalog:otn:DAL:NSBS:NSBS-Xena:20130802120000:Transmitter,,POINT(-63.23848 44.20221),EPSG:4326,,2013-09-17,urn:catalog:otn:DAL:NSBS:NSBS-Xena-release,urn:catalog:otn:DAL:NSBS:NSBS-Xena:20130802120000
